id,dc.identifier,dc.title,dc.date,dc.creator,dc.language,dc.description
82ac6cbebf28a9151baa14b30b52a481,https://catweb.ncl.edu.tw/QandA/page/31948,"有一本書名:30秒搞懂化學元素:週期表沒你想的那麼難，系統編目在426.7，但化學書是不是應該在3類，若要從新編，應該如何編目。 
第一年接觸圖書館，許多不懂，麻煩指點，感謝您。",2023-11-21T00:00:00.000Z,廖小姐,"('en_US', 'UTF-8')","<div class=""field-item even""><p>廖小組，您好：</p>

<p>&nbsp;</p>

<p>題名《30秒搞懂化學元素 : 週期表沒你想的那麼難》一書，內容介紹化學元素及週期表，依《中文圖書分類法》（2007年版），類號為「348.21」（指化學元素），而非「426.7」（指布料手工藝品）。</p>

<p>&nbsp;</p>

<p>若僅為分類號錯誤，則以分類號、著者號及年代部冊次號重新建構索書號。該書若為初版且僅有1冊，則不需加年代部冊次號，僅需以分類號加著者號所組成之索書號再檢視貴館館藏是否有相同索書號？若有的話，則需以著者區分號（:2、:3、:4，用於同類號、不同著者、但是著者號相同）及作品區分號（-2、-3、-4，用於同類號、相同著者、但是作品不同）加以區分。</p>

<p>&nbsp;</p>

<p>以下索書號範例提供臺端參考：</p>

<p>&nbsp;</p>

<p>855&nbsp; 8226&nbsp;&nbsp;&nbsp;&nbsp;&nbsp;&nbsp;&nbsp;&nbsp;&nbsp;&nbsp;&nbsp;&nbsp;&nbsp; 紅樓傳奇 / 顧洪鈞,孫瑋芒,王端誠編選</p>

<p>855&nbsp; 8226.2&nbsp;&nbsp;&nbsp;&nbsp;&nbsp;&nbsp;&nbsp;&nbsp;&nbsp;&nbsp; 紅樓傳奇. 續編 / 顧洪鈞……</p>

<p>855&nbsp; 8226-2&nbsp;&nbsp;&nbsp;&nbsp;&nbsp;&nbsp;&nbsp;&nbsp;&nbsp;&nbsp; 沙漠駝鈴 / 顧洪鈞,孫瑋芒,王端誠…</p>

<p>855&nbsp; 8226:2&nbsp;&nbsp;&nbsp;&nbsp;&nbsp;&nbsp;&nbsp;&nbsp;&nbsp;&nbsp; 星空下的眼睛 / 謝鴻文著</p>

<p>855&nbsp; 8226:2-2&nbsp;&nbsp;&nbsp;&nbsp;&nbsp;&nbsp;&nbsp; 醒來, 聽我說故事 / 謝鴻文作</p>

<p>855&nbsp; 8226:2-3&nbsp;&nbsp;&nbsp;&nbsp;&nbsp;&nbsp;&nbsp; 找尋 : 少年觀護所心情紀事 / 謝鴻文</p>

<p>855&nbsp; 8226:3&nbsp;&nbsp;&nbsp;&nbsp;&nbsp;&nbsp;&nbsp;&nbsp;&nbsp;&nbsp; 源銘集 / 洪源銘著</p>

<p>855&nbsp; 8226:4&nbsp;&nbsp;&nbsp;&nbsp;&nbsp;&nbsp;&nbsp;&nbsp;&nbsp;&nbsp; 一00一則溫馨手機祝福 / QQ男</p>

<p>&nbsp;</p>

<p>《30秒搞懂化學元素 : 週期表沒你想的那麼難》一書之分類號由「348.21」改為「348.21」，若著者號取號為「875」，則索書號應是「348.21 875」，請取得該書並修改書內碼及書標，線上目錄也需一併修改與分類號相關的欄位（若採用MARC 21則修改欄位084分欄$a）及館藏之索書號（若採用MARC 21則修改欄位852分欄$h）。</p>

<p>&nbsp;</p>

<p>國家圖書館 館藏發展及書目管理組 敬覆</p>
</div>"
64cf8c33269d302b9457d6715c22c699,https://catweb.ncl.edu.tw/QandA/page/31947,"您好！ 
 編目的過程中，有時會看到以下的情況 
 500 ## ""新手與資深工程師必備的提升效能招式""--Cover. 
500 ## ""新手與資深工程師必備的提升效能招式."" 
 請問引號內用句號與否... 繼續閱讀",2023-11-16T00:00:00.000Z,蟬師,"('en_US', 'UTF-8')","<div class=""field-item even""><p>蟬師，您好：</p>

<p>&nbsp;</p>

<p>MARC 21欄位500一般附註之著錄內容，若包括雙引號（“ ”），代表雙引號內所述文字，為取自資源本身或引述特定來源之資訊，而非由編目員依據在編資源之情況自擬的文字敘述。</p>

<p>&nbsp;</p>

<p>編目時附註項的著錄，通常會在引述文字前後加上雙引號，並於雙引號後以兩個短橫線（--）接著著錄引述文字之資料出處。</p>

<p>&nbsp;</p>

<p>例如：「500 ## ""新手與資深工程師必備的提升效能招式""--Cover.」，用以表示係引述圖書封面上的文字敘述；而「500 ## ""新手與資深工程師必備的提升效能招式.""」，也是表示引述文字，但是未標示所引述文字的資料出處。</p>

<p>&nbsp;</p>

<p>「500 ## ""新手與資深工程師必備的提升效能招式""--Cover.」與「500 ## ""新手與資深工程師必備的提升效能招式.""」兩個例子，前者將句號（或圓點）放在欄位500分欄$a內容的最末，表示該附註的結尾；後者由於未註明引述資料的出處，因而將表示資料結束之句號（或圓點）放在雙引號內。</p>

<p>&nbsp;</p>

<p>MARC 21編目時，若為西文資料編目，通常會在每個著錄項的最末加上圓點（.），用以表示該項著錄內容的結束，除非該項著錄內容的最末為圓括號（( )）或方括號（[ ]）或短橫線（-），則在該項著錄內容的最末，不再加上圓點。</p>

<p>&nbsp;</p>

<p>MARC 21編目時，若為中文資料編目，依照以往慣例，通常不會在每個著錄項的最末加上圓點（.）來表示該項著錄內容的結束。</p>

<p>&nbsp;</p>

<p>以上資訊提供臺端參考。</p>

<p>&nbsp;</p>

<p>國家圖書館 館藏發展及書目管理組 敬覆</p>
</div>"
65e24fad27fcd2c4f2e8a41d3c9f9cac,https://catweb.ncl.edu.tw/QandA/page/31946,"請問852裡marc的相關規範,$h是否可放入資料類型,分類號,作者號,而不用分$k資料類型代碼$h$i?其差別會是什麼呢?謝謝",2023-11-13T00:00:00.000Z,編目員,"('en_US', 'UTF-8')","<div class=""field-item even""><p>編目員，您好：</p>

<p>&nbsp;</p>

<p>MARC 21館藏資訊有關索書號的著錄，係採用欄位852，常用分欄包括如下所列：</p>

<p>&nbsp;</p>

<p>1.分欄$k索書號前綴部分（Call number prefix&nbsp;(R)）：著錄資料特藏代碼或資料類型代碼；</p>

<p>2.分欄$h分類部分（Classification part&nbsp;(NR)）：著錄分類號；</p>

<p>3.分欄$i單件部分（Item part&nbsp;(R)）：著錄書號或著者號；</p>

<p>4.分欄$m索書號後綴部分（Call number suffix&nbsp;(R)）：著錄年代部冊次號；</p>

<p>5.分欄$2分類表或排架表之來源（Source of classification or shelving scheme&nbsp;(NR)）：著錄分類表或排架表之來源代碼。</p>

<p>&nbsp;</p>

<p>依據MARC 21欄位852的規定，須將資料特藏代碼或資料類型代碼、分類號、書號或著者號、年代部冊次號，分別以分欄$k、$h、$i、$m著錄；而不是將資料特藏代碼或資料類型代碼、分類號、書號或著者號、年代部冊次號，全部著錄於分欄$h。</p>

<p>&nbsp;</p>

<p>以不同的分欄著錄，目的在讓索書號排序時，能收以類相聚之效。不同圖書資料，可先以其索書號的分欄$h之內容（即分類號）排序；相同類號下，再依分欄$i之內容（即書號或著者號）排序；相同類號且書號或著者號相同者，再依分欄$ｍ之內容（即年代部冊次號）排序。以如此之方式，便可將相同類號、相同著者之作品，聚集一處。</p>

<p>&nbsp;</p>

<p>以不同的分欄著錄，另外一個好處是，方便資料的統計（例如：資料類型、分類統計）。若將資料特藏代碼或資料類型代碼、分類號、書號或著者號、年代部冊次號，無區分地全部著錄於分欄$h，則不利於資料統計、或造成統計結果不精確。</p>

<p>&nbsp;</p>

<p>國家圖書館 館藏發展及書目管理組 敬覆</p>
</div>"
abf12a667cfecd30afd6c0bd777f0492,https://catweb.ncl.edu.tw/QandA/page/31945,"MARC 21拼音轉換應用系統 連用出現如下訊息, 請修復主機, 謝謝 
Internal Server Error 
The server encountered an internal error or misconfiguration and was unable... 繼續閱讀",2023-11-09T00:00:00.000Z,yuchi,"('en_US', 'UTF-8')","<div class=""field-item even""><p>Yuchi，您好：</p>

<p>&nbsp;</p>

<p>有關臺端所提連線本館「MARC 21拼音轉換應用系統」出現錯誤訊息，本館經多次館內測試，結果皆為正常。</p>

<p>&nbsp;</p>

<p>據了解，近期有些瀏覽器由於安全性考量而有更新、或是瀏覽器或網路設備為加速效能而使用快取技術以優化重複訪問網頁的載入速度，皆有可能讓使用者在以瀏覽器連線至某一網站時，產生錯誤訊息或無法連線。通常採行的解決方案為：清除臺端電腦之網頁連線紀錄（即Cookies）、或使用瀏覽器之InPrivate無痕視窗、或選擇另一個較少使用的瀏覽器。</p>

<p>&nbsp;</p>

<p>敬請臺端再行試試，若仍然出現所提問題之錯誤訊息，建議請教貴單位系統或資訊相關人員，以尋求更佳的解決方案。</p>

<p>&nbsp;</p>

<p>國家圖書館 館藏發展及書目管理組 敬覆</p>
</div>"
1d2e852ec89a607ae0d53f5203ac6cde,https://catweb.ncl.edu.tw/QandA/page/31944,"您好，想詢問關於小分類數字部分會出現「92/1」，名稱是民事訴訟法 
另外一個案例是582.411/105，她的小分類名稱是河北省宛平縣，小分類的數字量以及對分號的意義不理解，導致在匯入資料前的清整有困難 
因不理解斜線在小分類的意義為何，請再麻煩解答，謝謝！",2023-11-08T00:00:00.000Z,貝怡,"('en_US', 'UTF-8')","<div class=""field-item even""><p>貝怡您好，</p>

<p>&nbsp;</p>

<p>中文圖書分類法中的斜撇（/），是用以指明同一類文獻下進一步細分或排列的標識符號，主要用於地方志、各國民刑法（以及商法、行政法等）、專類複分表的複分。在標引時，通常在分類號之後加上斜撇（/）符號，其後再加上排列或細分的複分號（數字）。加上斜線標識，可清楚區分識別所加上的複分號取自不同複分依據，也可清楚區別與類表中其他類號的差別。我們以586.9（各國訴訟法）為例，假設有一本書的主題為「歐洲民事訴訟程序」，另一本書的主題是「奧地利訴訟法研究」，則兩本書的分類號標引說明如下：</p>

<p>&nbsp;</p>

<table border=""1"" cellpadding=""1"" cellspacing=""0""><tbody><tr><td>&nbsp;</td>
			<td>
			<p class=""rtecenter"">正確</p>

			<p class=""rtecenter"">分類號</p>
			</td>
			<td style=""width:488px"">
			<p class=""rtecenter"">分類號標引說明</p>
			</td>
			<td style=""width:369px"">
			<p class=""rtecenter"">若不使用斜線區分 ...</p>
			</td>
		</tr><tr><td>
			<p>圖書主題1</p>

			<p>歐洲民事訴訟程序</p>
			</td>
			<td>
			<p>586.94/41</p>
			</td>
			<td style=""width:488px"">
			<p>基礎類號（base number）：586.9（各國訴訟法）</p>

			<p>+ 複分號（各國複分）：4（歐洲）</p>

			<p>+ 複分號（訴訟法各主題細分）：/41（民事訴訟程序）</p>

			<ul><li>依類表上的說明，先依「世界區域及分國表」（附表十），做各國複分。</li>
				<li>於各國複分之後，如有需要做訴訟法各主題之細分，再仿586.1-.8細分，且與各國複分號之間，以斜線區分。</li>
			</ul></td>
			<td style=""width:369px"">
			<p>586.9441</p>

			<ul><li>如沒有使用斜線做區分標識，此類號將與「奧地利訴訟法研究」的分類號混淆。同時，也無法清楚分辨，所使用的複分號，究竟是只有各國複分，還是也有仿586.1 -.8的訴訟法各主題細分。</li>
			</ul></td>
		</tr><tr><td>
			<p>圖書主題2</p>

			<p>奧地利訴訟法研究</p>

			<p>&nbsp;</p>
			</td>
			<td>
			<p>586.9441</p>
			</td>
			<td style=""width:488px"">
			<p>基礎類號（base number）：586.9（各國訴訟法）</p>

			<p>+ 複分號（各國複分）：441（奧地利）</p>

			<ul><li>依類表上的說明，先依「世界區域及分國表」（附表十），做各國複分。</li>
				<li>主題為訴訟法整體的研究，因此不再仿586.1-.8做訴訟法各主題細分。</li>
			</ul></td>
			<td style=""width:369px"">586.9441</td>
		</tr></tbody></table><p>&nbsp;</p>

<p>因此，問題中所述的「中華人民共和國民事訴訟法」，類號為586.92/1，其類號的標引方法同於上表所述，是以基礎類號586.9，加上各國複分號2（中國），再加上訴訟法各主題細分的複分號1（民事訴訟法），並標示斜線方便識別。至於582.411/105（中國河北省宛平縣法規彙編），其類號標引則是：</p>

<table border=""1"" cellpadding=""1"" cellspacing=""0"" style=""width:800px""><tbody><tr><td class=""rtecenter"">圖書主題</td>
			<td>
			<p class=""rtecenter"">正確</p>

			<p class=""rtecenter"">分類號</p>
			</td>
			<td class=""rtecenter"">分類號標引說明</td>
		</tr><tr><td>中國河北省宛平縣法規彙編</td>
			<td>
			<p>582.411/105</p>

			<ul></ul></td>
			<td>
			<p>基礎類號（base number）：582.4（中國各縣市法規彙編）</p>

			<p>+ 複分號（中國省區複分）：11（河北省）</p>

			<p>+ 複分號（中國縣市複分）：/105（河北省宛平縣）</p>

			<ul><li>依類表上的說明，先依「中國省區表」（附表六），做省區複分。</li>
				<li>於中國省區複分之後，再依「中國縣市表」（附表七），做縣市複分。</li>
				<li>省區複分號與縣市複分號之間以斜縣區隔，避免造成和其他號碼混淆的可能。</li>
			</ul></td>
		</tr></tbody></table><p>&nbsp;</p>

<p>另外，為了避免分類表篇幅過於龐大，所以在類表本表中並未於所有各國或各地區相關的類目中，一一詳盡列舉出所有國家、地區的號碼，而是以注釋的方式，指引類表的使用者找到正確的複分表（世界區域及分國表、臺灣縣市表、臺灣鄉鎮表、中國省區表、中國縣市表），並依照注釋說明的方法，組合出正確的類號結構。您問題中所提及的兩個類號，被列舉在本表之中，同時也具有範例展示的作用，搭配注釋說明，可以讓編目員很清楚地知道，正確取號後的類號結構是什麼樣貌。</p>

<p>&nbsp;</p>

<p>以上簡要說明提供您參考，上述類號標引，在類表本表前的編例（第7項），以及本表中的相關類號說明注釋中，都會提供標引說明，建議在進行分類相關工作時，可查閱類表相關資訊，即可取得正確的分類號。</p>

<p>&nbsp;</p>

<p>國家圖書館館藏發展及書目管理組敬復</p>

<p>&nbsp;</p>
</div>"
cf76cf0e74f219e437fca96000986d47,https://catweb.ncl.edu.tw/QandA/page/31943,"目前在多處發現小分類中數字之間夾雜斜槓「／」 
想請教小分類的斜線意義為何呢?與其他的小分類編號有何不同? 
(例如：大分類中史地類的中國文化史的小分類出現了1/1通典、1/2續通典) 
期待收到您的解答，謝謝！",2023-11-06T00:00:00.000Z,貝怡,"('en_US', 'UTF-8')","<div class=""field-item even""><p>貝怡您好，</p>

<p>&nbsp;</p>

<p>中文圖書分類法中的斜撇（/），是用以指明同一類文獻下進一步細分或排列的標識符號，主要用於地方志、各國民刑法（以及商法、行政法等）、專類複分表的複分。在標引時，通常在分類號之後加上斜撇（/）符號，其後再加上排列或細分的複分號（數字）。加上斜線標識，可清楚區分識別所加上的複分號取自不同複分依據，也可清楚區別與類表中其他類號的差別。我們以584.9（各國民法）為例，假設有一本書的主題為「歐洲婚姻法法制化」，另一本書的主題則是「奧地利民法研究」，則兩本書的分類號標引說明如下：</p>

<p>&nbsp;</p>

<table border=""1"" cellpadding=""1"" cellspacing=""0"" style=""width:800px""><tbody><tr><td style=""width:94px"">&nbsp;</td>
			<td style=""width:88px"">
			<p class=""rtecenter"">正確</p>

			<p class=""rtecenter"">分類號</p>
			</td>
			<td style=""width:410px"">
			<p class=""rtecenter"">分類號標引說明</p>
			</td>
			<td style=""width:190px"">
			<p class=""rtecenter"">若不使用斜線區分 ...</p>
			</td>
		</tr><tr><td style=""width:94px"">
			<p class=""rtecenter"">圖書主題1</p>

			<p class=""rtecenter"">歐洲婚姻法法制化</p>
			</td>
			<td style=""width:88px"">
			<p>584.94/41</p>
			</td>
			<td style=""width:410px"">
			<p>基礎類號（base number）：584.9（各國民法）</p>

			<p>+ 複分號（各國複分）：4（歐洲）</p>

			<p>+ 複分號（民法各主題細分）：/41（婚姻法）</p>

			<ul><li>依類表上的說明，先依「世界區域及分國表」（附表十），做各國複分。</li>
				<li>於各國複分之後，如有需要做民法各主題之細分，再仿584.1-.8細分，且與各國複分號之間，以斜線區分。</li>
			</ul></td>
			<td style=""width:190px"">
			<p>584.9441</p>

			<ul><li>如沒有使用斜線做區分標識，此類號將與「奧地利民法研究」的分類號混淆。同時，也無法清楚分辨，所使用的複分號，究竟是只有各國複分，還是也有仿584.1 -.8的民法各主題細分。</li>
			</ul></td>
		</tr><tr><td style=""width:94px"">
			<p class=""rtecenter"">圖書主題2</p>

			<p class=""rtecenter"">奧地利民法研究</p>

			<p class=""rtecenter"">&nbsp;</p>
			</td>
			<td style=""width:88px"">
			<p>584.9441</p>
			</td>
			<td style=""width:410px"">
			<p>基礎類號（base number）：584.9（各國民法）</p>

			<p>+ 複分號（各國複分）：441（奧地利）</p>

			<ul><li>依類表上的說明，先依「世界區域及分國表」（附表十），做各國複分。</li>
				<li>主題為民法整體的研究，因此不再仿584.1-.8做民法各主題細分。</li>
			</ul></td>
			<td style=""width:190px"">584.9441</td>
		</tr></tbody></table><p>&nbsp;</p>

<p>至於問題中所述中國文化史典籍（分類號630.1），則直接於該類號之下，列舉出通志、通典、通考等典籍的細分排列，並以斜線與基礎類號區隔，主要作用仍是為了方便識別該號碼是同類文獻的細分排序，另也可避免與未來可能出現的新類號或其他號碼產生上表所述的混淆情況。</p>

<p>&nbsp;</p>

<p>以上簡要說明提供您參考，上述類號標引，在類表本表前的編例（第7項），以及本表中的相關類號說明注釋中，都會提供標引說明，建議在進行分類相關工作時，可查閱類表相關資訊，即可取得正確的分類號。</p>

<p>&nbsp;</p>

<p>國家圖書館館藏發展及書目管理組敬復</p>

<p>&nbsp;</p>
</div>"
463b35b8c0edd2e06f907fcace3ca01d,https://catweb.ncl.edu.tw/QandA/page/31939,"您好，請問醫師傳記是要放419.1，還是410.99還是入普通傳記呢? 
請問設麼樣的人物傳記該放在410.99醫療界人物傳記這個類號呢?",2023-10-30T00:00:00.000Z,maggie,"('en_US', 'UTF-8')","<div class=""field-item even""><p>Maggie，您好：</p>

<p>&nbsp;</p>

<p>《中文圖書分類法》（2007年版）類表中，有關類號「419.1 醫師；中醫師」，係隸屬於「419 醫院管理；醫事行政」類目，指醫院中對於醫師之管理或相關行政。且「419.1 醫師；中醫師」類目之下，尚細分為更小的類，包括「419.12 醫師資格；醫師登記；醫師管理」、「419.13 醫師公會」、「419.14 公醫」、「419.15 相關醫事人員」、「419.19 其他」。因此「419.1 醫師；中醫師」，指醫院中對於醫師之管理或相關行政。</p>

<p>&nbsp;</p>

<p>醫師傳記應入類號「410.99 醫療界人物傳記」，並依該類號之注釋『依世界區域及分國表複分』，以〈附表十 世界區域及分國表〉所得複分號加在類號「410.99」之後，以便建構最完整的分類號。例如：《歷代藏醫名醫略傳》分類號「410.992」，係「410.99」加上附表十「2 中國」；《臺灣中醫口述歷史》分類號「410.9933」，係「410.99」加上附表十「33 臺灣」；《英籍臺灣人 : 蘭大弼醫生和彰基》分類號「410.9941」，係「410.99」加上附表十「41 英國」。</p>

<p>&nbsp;</p>

<p>國家圖書館 館藏發展及書目管理組 敬覆</p>
</div>"
110b4d34dd816b8120fe43cdedd4b65f,https://catweb.ncl.edu.tw/QandA/page/31930,"書名：The Three Billy Goats Gruff 
ISBN：9781338673845 
作者：Mac Barnett 
 查詢此書分類時,有下列結果 
想請教如果以杜威分類法為準,何者為宜？ 
又以下類號的分入準則又是什麼？... 繼續閱讀",2023-10-22T00:00:00.000Z,Tina,"('en_US', 'UTF-8')","<div class=""field-item even""><p>Tina您好，</p>

<p>由美國兒童讀物作家麥克‧巴奈特（Mac Barnett）所創作的""The Three Billy Goats Gruff""為一圖畫書，內容創作源自挪威的口傳童話《三隻山羊》。另有關您所查得的分類號，如為杜威分類法（DDC）分類號，則各類號所代表的類目意義分別如下：</p>

<table border=""1"" cellpadding=""1"" cellspacing=""0"" style=""width:800px""><tbody><tr><td class=""rtecenter"">DDC類號</td>
			<td class=""rtecenter"">類目</td>
			<td class=""rtecenter"">備註</td>
		</tr><tr><td>398.2</td>
			<td>
			<p>Social sciences ─ Customs, etiquette, folklore─Folklore─Folk literature</p>
			</td>
			<td>此類號以民俗文學與傳說為切入角度。</td>
		</tr><tr><td>813.54</td>
			<td>
			<p>Literature (Belles-lettres) and rhetoric ─ American literature in English ─ American fiction in English ─ 1945-1999</p>
			</td>
			<td>
			<p>此類號以美國英語文學為切入角度，並加上年代複分（1945-1999），不過""The Three Billy Goats Gruff""一書於2022年出版，因此年代複分採「1945-1999」較不符合書況。</p>
			</td>
		</tr><tr><td>813.6</td>
			<td>
			<p>Literature (Belles-lettres) and rhetoric ─ American literature in English ─ American fiction in English ─ 2000-</p>
			</td>
			<td>
			<p>此類號以美國英語文學為切入角度，並加上年代複分（2000-）</p>
			</td>
		</tr><tr><td>859</td>
			<td>
			<p>Literature (Belles-lettres) and rhetoric ─ Literatures of Italian, Sardinian, Dalmatian, Romanian, Rhaeto-Romanic languages&nbsp; Italian literature ─ Romanian and Rhaeto-Romanic literatures</p>
			</td>
			<td>
			<p>此類號在DDC本表中，其類目意義為羅馬尼亞語、雷托-羅曼語文學，與""The Three Billy Goats Gruff""書況不符，推測可能為中文圖書分類法的分類號（859.6 中國兒童故事；兒童小說），而非DDC類號。</p>
			</td>
		</tr><tr><td>
			<p>874</p>
			</td>
			<td>Literature (Belles-lettres) and rhetoric ─ Literatures of Italic languages&nbsp; Latin literature ─ Latin lyric poetry</td>
			<td>
			<p>此類號在DDC本表中，其類目意義為拉丁詩歌，與""The Three Billy Goats Gruff""書況不符，推測應為中文圖書分類法的分類號（874.59 美國兒童文學），而非DDC類號。</p>
			</td>
		</tr></tbody></table><p>&nbsp;</p>

<p>由上述表列可知，比較符合""The Three Billy Goats Gruff""書況的DDC分類號為398.2和813.6，兩個類號以不同角度切入，所以您可視圖書內容性質與貴單位將類似性質圖書多集中於那個類號，來給訂分類號。不過，如圖書內容雖源自童話傳說，但經大幅度的更改或再創作，建議可優先考量入文學類（800大類），而非社會科學類中。</p>

<p>&nbsp;</p>

<p>另問題中提及想知道哪裡可查詢書目的杜威分類法類號，若您想知道的是一本書被分入哪個DDC分類號，或是有哪些相關分類號，可使用OCLC Classify （該服務仍在測試階段，可查詢並顯示一本書相關的DDC分類號，網址為<a href=""http://classify.oclc.org/classify2/"">http://classify.oclc.org/classify2/</a>），也可至國內外公共圖書館館藏目錄做查詢參考，或是透過MARC Edit、BibData等免費編目工具程式中的Z39.50功能做查詢；較方便的方法則是付費使用OCLC所提供的書目服務，可一站取得所需書目資訊，包括分類號與主題詞。若您想瞭解的是哪裡可查知DDC詳表內容，包括分類號、類目、複分表、入類與複分說明等，這部分目前並無免費資源可使用，若想完整查詢DDC詳表內容，須訂閱WebDewey（<a href=""https://www.oclc.org/en/dewey/webdewey.html"">https://www.oclc.org/en/dewey/webdewey.html</a>），或是訂購DDC詳表紙本（採Print-on-Demand形式），才有辦法查知DDC所有分類號及複分說明。</p>

<p>&nbsp;</p>

<p>以上簡要回復提供參考。</p>

<p>&nbsp;</p>

<p>國家圖書館館藏發展及書目管理組敬復</p>

<p>&nbsp;</p>
</div>"
3cdb790f74d83e4d7b89f610b653b9fa,https://catweb.ncl.edu.tw/QandA/page/31928,"瘂弦紅玉米之歌 
2733051015041 
盛裝盒內同時有朗誦詩(CD)、詩劇場(DVD)、附冊，但CD、DVD在編目時，資料類型不同。 
請教編目實務上，會以某一資料類型為主、另一個編成附件，或編成2個書目呢? 
附冊若是CD、DVD皆通用，... 繼續閱讀",2023-10-20T00:00:00.000Z,Selina,"('en_US', 'UTF-8')","<div class=""field-item even""><p>Selina，您好：</p>

<p>&nbsp;</p>

<p>一出版品若包括不只一個部分、或者含括兩種以上資料類型，除了「多媒體組件」（Kits）為套式教材而編製1筆書目紀錄外，其餘則需判別是否屬主件與附件的情況、或者全部屬於主件而無附件。</p>

<p>&nbsp;</p>

<p>所謂主件與附件，指的是該出版品所含括的各個部分，其中有一個是主件（主體或主要部分）、其餘不是主件（主體或主要部分）者則視為附件。若該出版品所含括的各個部分皆等同重要，則全部為主體、而無附件。</p>

<p>&nbsp;</p>

<p>「附件」又有2種情況：一種是須隨著主件、無法單獨使用；另一種則為不須搭配主件、可以單獨使用。由於此2種情況，使得編目上有不同的處理方式，即以下列3種方式擇一著錄：</p>

<p>&nbsp;</p>

<p>(1) 視為另一作品分別著錄；</p>

<p>(2) 著錄於附註項；</p>

<p>(3) 著錄於稽核項末。</p>

<p>&nbsp;</p>

<p>若附件可以單獨使用，可採(1)法另行編製1筆書目，也可採行(2)法或(3)法在書目紀錄中透過附註項或稽核項加以載明；若附件不可單獨使用，則不可採用(1)法，只能採(2)法或(3)法在書目紀錄中透過附註項或稽核項加以載明。</p>

<p>&nbsp;</p>

<p>臺端所提《瘂弦紅玉米之歌》，由於未能查看實際資料，僅能依臺端所述，得知該出版品置於盛裝盒內，同時有朗誦詩（CD）、詩劇場（DVD）、附冊。經查網路書店（<a href=""https://www.eslite.com/product/1004257602476103"">https://www.eslite.com/product/1004257602476103</a>），發現該出版品在正題名《瘂弦紅玉米之歌》外，尚有副題名資訊「朗誦、詩劇場、鼎談記錄」。</p>

<p>&nbsp;</p>

<p>依副題名資訊，似應以朗誦為主，另附詩劇場及鼎談記錄（即所謂附冊），據此於編目時，以朗誦之雷射唱片（CD）為主件（或主體），並將詩劇場（DVD）及鼎談記錄（附冊）視為附件，載明於該書目紀錄之附註項或稽核項末。</p>

<p>&nbsp;</p>

<p>國家圖書館 館藏發展及書目管理組 敬覆</p>
</div>"
9e585f41302247f9258ebd57d2761260,https://catweb.ncl.edu.tw/QandA/page/31927,"您好～～ 
因近日整理學校圖書館，想請問封面條碼號黏貼的高度應距離書本下緣幾公分會比較適合？",2023-10-19T00:00:00.000Z,好小子,"('en_US', 'UTF-8')","<div class=""field-item even""><p>好小子，您好：</p>

<p>&nbsp;</p>

<p>圖書館圖書資料之書標黏貼位置，係指將索書號列印或書寫於自黏性標籤，並黏貼於圖書資料書背距下緣2或2.5公分處（依各圖書館之書標黏貼政策而稍有不同），以作為圖書資料上架之依據。</p>

<p>&nbsp;</p>

<p>然而有些圖書資料並不適合將書標直接黏貼於書背上，例如薄本、古籍、非書資料等。薄本圖書，書背厚度不足；古籍則因自黏性書標之黏著劑可能破壞紙質；非書資料則因無書背而需另貼他處。</p>

<p>&nbsp;</p>

<p>薄本圖書，由於其書背厚度不足，書標黏貼於書背上，並不利於圖書上架或取書。通常圖書館的做法係將書標以相同高度改貼至封面接近書背處（如下圖），但是需避免遮住封面上重要資訊（例如書名或著者）。</p>

<p>&nbsp;</p>

<p><img alt="""" height=""468"" src=""/sites/default/files/img/%E8%96%84%E6%9C%AC%E6%9B%B8%E6%A8%99.png"" width=""516""></p>

<p>&nbsp;</p>

<p>由於圖書館圖書資料上架係以書背向外，薄本書標以相同高度改貼至封面接近書背處，圖書館工作人員面對書架上整排圖書時，僅需將該薄本圖書稍微抽出一點點，即可看到該書之索書號，較不影響圖書上架及取書作業。</p>

<p>&nbsp;</p>

<p>活頁裝之圖書資料，則需視是否有固定書背。若有固定書背（例如硬質的外殼或資料夾，僅其內容以活頁方式方便資料抽換與更新），則書標仍黏貼於書背上；若無固定書背（例如無硬質的外殼或資料夾，而是活頁紙形成的可變動書背），則書標黏貼位置比照薄本圖書資料處理。</p>

<p>&nbsp;</p>

<p>線裝之圖書資料，若為現代出版品，其書標仍黏貼於書背上；若屬古籍、善本等特藏性質之線裝資料，國家圖書館的做法是不貼書標，另以棉紙裁成固定大小之籤條、並以铅筆書寫索書號及條碼號於該籤條上（避免原子筆等油墨腐蝕紙質）、再將該籤條夾於古籍或善本書內。</p>

<p>&nbsp;</p>

<p>經摺裝本身並無書背，為免影響翻閱及閱讀，如為現代出版品，則書標黏貼位置比照薄本圖書資料處理；如屬古籍、善本等特藏性質之資料，國家圖書館的做法比照前述古籍、善本，另以籤條方式替代。</p>

<p>&nbsp;</p>

<p>光碟屬非書資料，並無書背，或有盛裝光碟片之塑膠套或盛裝盒，為避免書標黏著劑影響光碟，大部分的圖書館僅將書標黏貼於塑膠套或盛裝盒固定位置。若為塑膠套，黏貼於塑膠套左下方固定位置；若為盛裝盒，則黏貼於盛裝盒背距下緣固定高度處。</p>

<p>&nbsp;</p>

<p>國家圖書館 館藏發展及書目管理組 敬覆</p>
</div>"
3fbfe0ce7e6930da0419f7ab47fcd9d0,https://catweb.ncl.edu.tw/QandA/page/31926,"中國電機工程學會出版發行的""International Journal of Electrical Engineering""(""電機工程學刊"")，版權頁文字全部都是英文，內文也是，封面也是，請問是中文期刊，還是西文期刊呢?通常要怎麼判定呢?... 繼續閱讀",2023-10-19T00:00:00.000Z,Selina,"('en_US', 'UTF-8')","<div class=""field-item even""><p>Selina，您好：</p>

<p>&nbsp;</p>

<p>臺端所提「中國電機工程學會」出版發行的《International Journal of Electrical</p>

<p>Engineering》（ISSN 1812-3031），內文若皆為英文、版權頁資訊也全部都是英文，封面刊名也是英文（按：期刊通常不會有書名頁）的話，會視為西文期刊來進行編目。</p>

<p>&nbsp;</p>

<p>期刊內文若皆為英文、版權頁資訊也全部都是英文，然而刊名則是英中並列，則仍視為是西文期刊來進行編目。</p>

<p>&nbsp;</p>

<p>有關判別圖書資料（包括期刊）究應以中文編目或西文編目進行處理，可參考「國家圖書館書目記錄編目語文認定原則」（<a href=""https://catweb.ncl.edu.tw/sites/default/files/upload/announcement/%E5%9C%8B%E5%AE%B6%E5%9C%96%E6%9B%B8%E9%A4%A8%E6%9B%B8%E7%9B%AE%E8%A8%98%E9%8C%84%E7%B7%A8%E7%9B%AE%E8%AA%9E%E6%96%87%E8%AA%8D%E5%AE%9A%E5%8E%9F%E5%89%87.pdf"">https://catweb.ncl.edu.tw/sites/default/files/upload/announcement/%E5%9C...</a>）。</p>

<p>&nbsp;</p>

<p>國家圖書館 館藏發展及書目管理組 敬覆</p>
</div>"
27349697deb6c4646a7d563d17f107b8,https://catweb.ncl.edu.tw/QandA/page/31925,"老師您好,想請問,RDA裡關於336/337/338裡分欄3的描述是否有特地名詞可供查檢?比如:地圖,光碟...。因手上一本待編圖書含一平面摺頁的文字資料，內容為報紙的型式，像這樣的附件在336/337/338裡分欄3該如何給予名稱？還是和300段分欄e的描述一致？另，... 繼續閱讀",2023-10-12T00:00:00.000Z,編目員,"('en_US', 'UTF-8')","<div class=""field-item even""><p>編目員，您好：</p>

<p>&nbsp;</p>

<p>實施RDA編目，若採用MARC 21格式著錄，對於附件之內容類型、媒體類型、載體類型，於著錄欄位336、337、338時，需以分欄$3註明所描述的物件。</p>

<p>&nbsp;</p>

<p>欄位336、337、338分欄$3，並無特定名詞可供查檢，著錄時通常依欄位300分欄$e之描述，也就是兩者之描述用詞一致即可。著錄原則與範例可參考《錄音及錄影源RDA編目參考手冊》有關欄位336、337、338。例如：</p>

<p>&nbsp;</p>

<p>245 00 $a 世界名搖子歌曲集 : $b 二十首 / $c 林榮德編曲 ; 林榮德, 戴美娟, 江信娟演唱</p>

<p>300 ## $a 1張唱片 (約44分) : $b 數位, 光學, 1.4 公尺 / 秒, 立體聲 ; $c 4 3/4吋 + $e 1冊歌詞本</p>

<p>336 ## $a 演奏音樂 $2 rdacontent</p>

<p>336 ## $a 文字 $2 rdacontent $3 歌詞本</p>

<p>337 ## $a 錄音 $2 rdamedia</p>

<p>337 ## $a 無媒介 $2 rdamedia $3 歌詞本</p>

<p>338 ## $a 唱片 $2 rdacarrier</p>

<p>338 ## $a 成冊 $2 rdacarrier $3 歌詞本</p>

<p>&nbsp;</p>

<p>臺端提及待編圖書含一平面摺頁的文字資料、內容為報紙的型式，於著錄欄位336、337、338之分欄$3的著錄方式如下：</p>

<p>&nbsp;</p>

<p>300 ## $a … : $b … ; $c … + $e 1張報紙（80 x 60公分摺為20 x 15公分）</p>

<p>336 ## $a 文字 $2 rdacontent</p>

<p>336 ## $a 文字 $2 rdacontent $3 報紙</p>

<p>337 ## $a 無媒介 $2 rdamedia</p>

<p>337 ## $a 無媒介 $2 rdamedia $3 報紙</p>

<p>338 ## $a 成冊 $2 rdacarrier</p>

<p>338 ## $a 單張 $2 rdacarrier $3 報紙</p>

<p>&nbsp;</p>

<p>國家圖書館 館藏發展及書目管理組 敬覆</p>
</div>"
939a2ffbb759f0023f732b95711f542a,https://catweb.ncl.edu.tw/QandA/page/31917,"請問中分類619-中國史研究 之後，下一頁直接跳中分類621 
想確認是否在中分類的部分無620？",2023-09-11T00:00:00.000Z,貝怡,"('en_US', 'UTF-8')","<div class=""field-item even""><p>貝怡，您好：</p>

<p>&nbsp;</p>

<p>《中文圖書分類法》（2007年版）類表主表內容中，類號「619 中國史研究」後即緊接著「621-628 中國斷代史」。再翻閱類表主表前之〈簡表〉載明「620 中國斷代史」、以及〈綱目表〉也有「620 中國斷代史」。</p>

<p>&nbsp;</p>

<p>再觀〈綱目表〉之「620 中國斷代史」，其下含括了「621 先秦」、「622 漢及三國」、「623 晉及南北朝」、「624 唐及五代」、「625 宋及遼金元」、「626 明」、「627 清」、「628 民國」及「629 中國方隅史」。類表主表內容中，同樣有如前述類號的安排。</p>

<p>&nbsp;</p>

<p>而類表主表內容中之所以沒有列出「620 中國斷代史」，概因其既然名之為斷代史（「621-628 中國斷代史」），理應將中國各朝代之歷史應分入各朝代專屬的類號，而不是歸入類號「620」。若為跨多個朝代之中國歷史，則歸入類號「610 中國通史」。</p>

<p>&nbsp;</p>

<p>《中文圖書分類法》（2007年版）類表主表內容中不特別列出類號「620 中國斷代史」，在於避免誤導圖書館分類人員將各朝代之中國歷史直接歸入類號「620」，正確的分類應為分入類號「621-628」，此係類表在編排上的用心，以避免分類實務上不必要的困擾。</p>

<p>&nbsp;</p>

<p>以上資訊及說明，提供臺端參考。</p>

<p>&nbsp;</p>

<p>國家圖書館 館藏發展及書目管理組 敬覆</p>
</div>"
bff8a074259fe16358c6fdf23d78141e,https://catweb.ncl.edu.tw/QandA/page/31916,請問，LDT@Library對圖書館採用鏈結型MARC的資訊組織作業有什麼影響？謝謝,2023-09-07T00:00:00.000Z,Dorian,"('en_US', 'UTF-8')","<div class=""field-item even""><p>Dorian您好，</p>

<p>&nbsp;</p>

<p>圖書館採用鏈結型MARC的資訊組織作業，主要透過在MARC21書目及權威紀錄中的$0、$1、$4以及024和758等分欄或欄位著錄所擇定之鏈結資源的URI來做實現。目前編目實務上最常被使用的主要是分欄$0與分欄$1，這兩個分欄是用以著錄與該欄位描述實體有關的URI。分欄$0著錄的是識別一個實體（entity）名稱標目（name）或標籤（label）的URI，著錄來源通常取自與主標目&nbsp;（如，1XX、6XX、7XX等） 相同之其他權威資料庫的權威紀錄（如，LC Authorities、LDT ＠ L 等）。分欄 $1 則用以著錄識別實體本身（指一個事件、真實世界物件，無論是實際或概念）之 URI，即透過 URI 來指向該實體，著錄來源通常取自實體識別管理相關資料庫（例如：ISNI、ORCID、VIAF、Wikidata 等）。</p>

<p>&nbsp;</p>

<p><a href=""mailto:LDT@Library"">LDT@Library</a>是由國家圖書館與國立臺灣大學圖書館合作發展及建置的「臺灣鏈結資源系統」，於111年3月18日正式發布，目的是促進中文權威鏈結資料共建共享與加值應用，因此所收錄的資料內容以中文名稱、主題詞、分類號等權威資料為主，本質上為權威鏈結資料的資料庫，每筆權威資料均被賦予LDT的URI，並轉製為可於開放網路串連應用的RDF格式，讓有需要於書目中加值串連<a href=""mailto:LDT@Library"">LDT@Library</a>權威資料的圖書館，可將LDT權威資料的URI，以人工著錄或程式介接的方式，嵌入其書目與權威資料中。</p>

<p>&nbsp;</p>

<p>在以鏈結型MARC進行編目作業時，<a href=""mailto:LDT@Library"">LDT@Library</a>和美國國會圖書館名稱權威資料（LC&nbsp;Name Authorities）、美國國會標題表（LCSH）、美國國家醫學圖書館標題表（MeSH）等鏈結資源的性質類似，所收錄的是屬於識別某個書目實體名稱標目或標籤的權威資料，因此，若希望在圖書館書目紀錄中加值串連<a href=""mailto:LDT@Library"">LDT@Library</a>的權威資料，則將該資料庫中相關權威資料的URI，著錄於MARC21紀錄中相關欄位的分欄$0，以下是於書目紀錄中著錄<a href=""mailto:LDT@Library"">LDT@Library</a> URI的範例：</p>

<p>&nbsp;</p>

<p>100&nbsp; 1\&nbsp; $a 林語堂&nbsp; $c (文學),&nbsp; $e 文字作者&nbsp; $0 <a href=""https://ld.ncl.edu.tw/authority/106216"">https://ld.ncl.edu.tw/authority/106216</a></p>

<p>（於欄位100分欄$0著錄人名權威「林語堂&nbsp;(文學)」在<a href=""mailto:LDT@Library"">LDT@Library</a>資料庫中的URI）</p>

<p>245&nbsp; 10&nbsp; $a 魯迅之死 /&nbsp; $c 林語堂著</p>

<p>264&nbsp; \1&nbsp; $a 臺北市 :&nbsp; $b 德華出版社,&nbsp; $c 民69.11[1980.11]</p>

<p>...</p>

<p>650&nbsp; \7&nbsp; $a 散文&nbsp; $2 lcstt&nbsp; $0&nbsp;<a href=""https://ld.ncl.edu.tw/subject/98852"">https://ld.ncl.edu.tw/subject/98852</a></p>

<p>（於欄位650分欄$0，著錄主題詞「散文」在<a href=""mailto:LDT@Library"">LDT@Library</a>資料庫中的URI）</p>

<p>&nbsp;</p>

<p>&nbsp;</p>

<p>若希望在圖書館權威紀錄中加值串連<a href=""mailto:LDT@Library"">LDT@Library</a>的權威資料，則將該資料庫中相關權威資料的URI，著錄於權威紀錄的欄位024：</p>

<p>&nbsp;</p>

<p>024&nbsp; 7\&nbsp; $a&nbsp;106216 $2 twnaf $0 <a href=""https://ld.ncl.edu.tw/authority/106216&nbsp;"">https://ld.ncl.edu.tw/authority/106216&nbsp;</a></p>

<p>100&nbsp; 1\&nbsp; $a 林語堂&nbsp; $c (文學)</p>

<p>...</p>

<p>（以欄位024著錄人名權威「林語堂&nbsp;(文學)」在<a href=""mailto:LDT@Library"">LDT@Library</a>資料庫中的識別號及URI，$2則著錄「twnaf」，表示URI的來源為「Taiwan name authority file」）</p>

<p>&nbsp;</p>

<p>&nbsp;</p>

<p>以上簡要說明在書目與權威資料中將<a href=""mailto:LDT@Library"">LDT@Library</a>鏈結資源加值著錄於MARC21紀錄的方式。圖書館運用鏈結資料相關技術，為的是使書目資料能在網路上開放串連，形成資料關係網絡，擴展書目服務的可及性與互通性。國內圖書館目前以建置中文鏈結資源服務系統（即<a href=""mailto:LDT@Library"">LDT@Library</a>），以及將現有書目資料進行鏈結資料URI加值為重要基礎工作，為圖書館未來適應鏈結資料環境做好基礎準備。若有需要進一步瞭解更多相關訊息，建議可參考下列資源：</p>

<p>&nbsp;</p>

<p>陳亞寧，牛惠曼（2021）。圖書館鏈結資料入門指引。臺北市：國家圖書館。</p>

<p>周倩如、余怜縈（2022）。「臺灣鏈結資源系統」啟用擴展臺灣華文資料影響力。國家圖書館館訊，172，8-11。（<a href=""https://nclfile.ncl.edu.tw/files/202205/363b444a-149d-4828-992e-dc7ec74b0597.pdf"" target=""_blank"">電子資源連結</a>）</p>

<p>牛惠曼（2022）。以MARC 21建置書目與權威鏈結資源。國家圖書館館訊，173，34-38。（<a href=""https://nclfile.ncl.edu.tw/files/202209/1ba65f07-88fb-4495-9c28-7a063cc20198.pdf"" target=""_blank"">電子資源連結</a>）</p>

<p>黃怡華（2022）。<a href=""mailto:LDT@Library"">LDT@Library</a>應用-館員作業流程教育訓練 (編目部分)。（<a href=""https://ld.ncl.edu.tw/LDT@L%E6%87%89%E7%94%A8_%E9%A4%A8%E5%93%A1%E4%BD%9C%E6%A5%AD%E6%B5%81%E7%A8%8B%E6%95%99%E8%82%B2%E8%A8%93%E7%B7%B4_%E7%B7%A8%E7%9B%AE_20220419.pdf"" target=""_blank"">電子資源連結</a>）</p>

<p>&nbsp;</p>

<p>&nbsp;</p>

<p>國家圖書館館藏發展及書目管理組敬復</p>

<p>&nbsp;</p>
</div>"
911db9354f51c0985e03528c12e006b5,https://catweb.ncl.edu.tw/QandA/page/31915,國家圖書館期刊文獻資訊網找不到國立中正大學犯罪防治學系出版的犯罪學研究(Journal of Criminology Research)創刊號，華藝線上圖書館找的到。,2023-09-07T00:00:00.000Z,DARREN,"('en_US', 'UTF-8')","<div class=""field-item even""><p>DARREN，您好：</p>

<p>&nbsp;</p>

<p>本館已聯繫國立中正大學犯罪防治學系，有關《犯罪學研究(Journal of Criminology Research)》創刊號將於近期完成送存，並於點收後移送期刊文獻中心進行文獻索引編製作業。</p>

<p>&nbsp;</p>

<p>有關本館期刊文獻資訊網查詢，請逕洽聯絡電話(02)23619132分機305。</p>

<p>&nbsp;</p>

<p>國家圖書館 館藏發展及書目管理組 敬覆</p>
</div>"
47ed2791c356dce08500853f7b781450,https://catweb.ncl.edu.tw/QandA/page/31914,"您好～謝謝您們上次給的建議。 
另外有一個問題詢問 
有一些書籍翻開版權頁是XXX 
可是透過書目網或者各圖書館 如桃園市立圖書館或者台北市立市圖書館顯示為OOO 
兩者不同，建議以誰為主？或者都可以？ 
 舉例－ 
小說陶妖這本書... 繼續閱讀",2023-09-04T00:00:00.000Z,UU,"('en_US', 'UTF-8')","<div class=""field-item even""><p>UU，您好：</p>

<p>&nbsp;</p>

<p>中文圖書最末頁通常為版權頁，版權頁上半部的方框內為國家圖書館出版品預行編目（CIP）資料，該方框內最末一行左邊所出現的數字為《中文圖書分類法》（2007年版）分類號，代表該書內容主題之分類號標記。</p>

<p>&nbsp;</p>

<p>圖書版權頁上之CIP所給定之分類號，為該圖書出版前，國家圖書館國際標準書號中心依出版社所提供之書名頁、封面、目次等給予之分類號，給予分類號時，由於圖書尚未正式出版，而未能實際看到圖書內容。</p>

<p>&nbsp;</p>

<p>臺端於「全國新書資訊網」所查得之各圖書館的分類號（除了CIP外），皆經各館編目員實際依據圖書之內容主題所給予之《中文圖書分類法》（2007年版）分類號，一般而言，會比CIP上之分類號更為適合該書。</p>

<p>&nbsp;</p>

<p>以小說作品《陶妖》為例，書上版權頁之CIP給予的分類號為「859.6」（兒童故事；兒童小說），然而各圖書館經編目員實際翻閱該書內容，最終給予之分類號為「857.7」（小說：長篇（現代新體））。圖書館於抄錄編目時，若同樣使用《中文圖書分類法》（2007年版），建議採用「全國新書資訊網」所查得之各圖書館的分類號「857.7」。</p>

<p>&nbsp;</p>

<p>國家圖書館 館藏發展及書目管理組 敬覆</p>
</div>"
7a3380557c3d1b9fcbbec031ba82d946,https://catweb.ncl.edu.tw/QandA/page/31912,"老師您好 
現今許多漫畫書同時會出版同名小說文字版且書名都一樣,如魔女之旅. 
為方便讀者查詢webpac時能識別,我查網頁marc21 245相關說明,有一個類似的功能分欄k,請問是否可使用?但marc21範例的寫法不很清楚,因為分欄k前面有冒號及無冒號兩種寫法都有,... 繼續閱讀",2023-08-30T00:00:00.000Z,文,"('en_US', 'UTF-8')","<div class=""field-item even""><p>文，您好：</p>

<p>&nbsp;</p>

<p>同名小說最初為文字版，後改出版漫畫版，例如《魔女之旅》，這兩種出版品，一為文字資料，另一為靜態圖像資料，兩者在資料的內容類型上截然不同。</p>

<p>&nbsp;</p>

<p>以文字資料而言，文字作者是主要創作者；以漫畫資料而言，靜態圖像的藝術創作者為主要創作者。通常文字資料會有文字作者，靜態圖像資料會有藝術創作者（例如：繪畫或漫畫者）。例如：</p>

<p>&nbsp;</p>

<p>文字版：</p>

<p>245 10 $a魔女之旅　/ 白石定規作 ; 李殷廷譯</p>

<p>說明：以文字作者「白石定規」取作者號</p>

<p>&nbsp;</p>

<p>漫畫版：</p>

<p>245 10 $a魔女之旅　/ 七緒一綺漫畫 ; 李殷廷譯</p>

<p>說明：以文字作者「七緒一綺」取作者號</p>

<p>&nbsp;</p>

<p>圖書編目時，由於文字作者與藝術創作者不同，所取的作者號因而不同，且透過著者敘述，即能區別此二個相同題名之出版品實有不同。</p>

<p>&nbsp;</p>

<p>或者透過MARC 21欄位336所載，也可區別二者內容有所不同。例如：</p>

<p>&nbsp;</p>

<p>336 ## $a文字 $b txt $2 rdacontent</p>

<p>或</p>

<p>336 ## $a靜態影像 $b sti $2 rdacontent</p>

<p>&nbsp;</p>

<p>若遇文字作者與藝術創作者皆為同一人時，編目的處理方式則會在漫畫版加註版本項或附註項，以示區別。例如：</p>

<p>&nbsp;</p>

<p>250 ## $a[漫畫版]</p>

<p>或</p>

<p>500 ## $a漫畫</p>

<p>&nbsp;</p>

<p>目前編目實務上較少見到採用MARC 21欄位245分欄$k著錄相關區別文字。</p>

<p>&nbsp;</p>

<p>然而，依據MARC 21欄位245分欄$k形式（Form）的定義為「用以描述所描述資料之形式的術語，透過檢查其實體特徵、知識內容的主題、或其中的資訊順序來確定（例如：日記本、日記、名錄、期刊、備忘錄等）」（Term that is descriptive of the form of the described materials, determined by an examination of their physical character, subject of their intellectual content, or the order of information within them (e.g., daybooks, diaries, directories, journals, memoranda, etc.).）。</p>

<p>&nbsp;</p>

<p>此外，MARC 21欄位245的定義中，明白表示「對於沒有正式書目題名的館藏，使用分欄$k（形式）。即使分欄$a、$b和$c中給出了正式題名，分欄$k也可用於指示“形式”。」（For collections with no formal bibliographic title, subfield $k (Form) is used. Subfield $k may also be used to indicate ""form"" even if a formal title is given in subfields $a, $b, and $c.）。</p>

<p>&nbsp;</p>

<p>因此，可採用MARC 21欄位245分欄$k著錄及標示資料的「形式」，著錄範例請參考<a href=""https://www.loc.gov/marc/bibliographic/bd245.html"">https://www.loc.gov/marc/bibliographic/bd245.html</a>。</p>

<p>&nbsp;</p>

<p>國家圖書館 館藏發展及書目管理組 敬覆</p>
</div>"
db7f6328daeab4f9f54d0d879c46ecc9,https://catweb.ncl.edu.tw/QandA/page/31910,"您好， 
 近期因編目到一本題名中有年代的書：圖像裡的臺灣史十八-二○世紀 
針對其中二十世紀的寫法有所疑問 
如照實著錄，題名的零是呈現一個大圓形，查找全國圖書書目資訊網 
看他館或用小圓○，或用大寫英文字母Ｏ，或用數字０，... 繼續閱讀",2023-08-29T00:00:00.000Z,K小姐,"('en_US', 'UTF-8')","<div class=""field-item even""><p>Ｋ小姐，您好：</p>

<p>&nbsp;</p>

<p>有關題名之著錄，通常採照錄方式。然若因不同考量而圖書館另訂有著錄原則者，則從其所定原則。此類情況多發生於資源上所出現之全形標點符號，於編目著錄時，改以鍵盤上的半形標點符號替代，以便資料之建檔、查詢及批次比對。</p>

<p>&nbsp;</p>

<p>依據「全國圖書書目資訊網」（NBINet）所訂合作編目之〈一般著錄原則〉（<a href=""https://nbinet.ncl.edu.tw/FileUpload/Fckeditor/file/%E5%90%88%E4%BD%9C%E7%B7%A8%E7%9B%AE%E6%9B%B8%E7%9B%AE%E8%99%95%E7%90%86%E5%8E%9F%E5%89%872008/ch1_2008.pdf"">https://nbinet.ncl.edu.tw/FileUpload/Fckeditor/file/%E5%90%88%E4%BD%9C%E...</a>）第四項『中文數字 0、一、二、三…之著錄方式』中敘明『考量讀者檢索方便，中文數字○，不鍵入CCCII內碼{212F30}或Unicode U+3007，而直接採用鍵盤上的半形阿拉伯數字「0」』。</p>

<p>&nbsp;</p>

<p>若書名頁出現之題名為《圖像裡的臺灣史十八-二○世紀》，依NBINet合作編目之〈一般著錄原則〉第四項所訂，編目時應著錄為「圖像裡的臺灣史十八-二0世紀」；若書名頁出現之題名為《圖像裡的臺灣史十八-二十世紀》，則編目時應照錄為「圖像裡的臺灣史十八-二十世紀」。且無論書名頁出現之題名為《圖像裡的臺灣史十八-二○世紀》或《圖像裡的臺灣史十八-二十世紀》，著錄題名及著者敘述項時，皆不需將之改為「圖像裡的臺灣史18-20世紀」；但是如果書名頁出現之題名即為《圖像裡的臺灣史18-20世紀》，則編目時仍然照錄為「圖像裡的臺灣史18-20世紀」。</p>

<p>&nbsp;</p>

<p>為考量讀者可能以數字的不同拼寫方式進行資料查詢，編目員於編目時，應儘量為不同的拼寫方式，另立檢索款目，以符合讀者查詢需求。以書名頁出現之題名《圖像裡的臺灣史十八-二○世紀》為例，採用MARC 21格式之著錄範例如下：</p>

<p>&nbsp;</p>

<p>245 00 $a 圖像裡的臺灣史十八-二0世紀</p>

<p>246 3# $a 圖像裡的臺灣史18-20世紀</p>

<p>&nbsp;</p>

<p>國家圖書館 館藏發展及書目管理組 敬覆</p>
</div>"
bbe272487a1ff67981b2e9e5b8b8632f,https://catweb.ncl.edu.tw/QandA/page/31909,你好，由於機關組織改制，組織全銜有變更，發行的專訊及彙報的ISSN機關資料需要變更，請問如何申請變更??,2023-08-28T00:00:00.000Z,張小姐,"('en_US', 'UTF-8')","<div class=""field-item even""><p>張小姐，您好：</p>

<p>&nbsp;</p>

<p>期刊以往曾申請過ISSN（International Standard Serial Number），若期刊發行單位名稱改變（例如：由於機關組織改制、組織全銜有變更）而欲申請資料變更，需向ISSN總部（<a href=""https://www.issn.org/"">https://www.issn.org/</a>）提出申請，詳細資訊敬請查詢該網站或向ISSN總部提出詢問。</p>

<p>&nbsp;</p>

<p>國家圖書館 館藏發展及書目管理組 敬覆</p>
</div>"
e83a3c581687a0c95d7db87705ae874e,https://catweb.ncl.edu.tw/QandA/page/31907,"您好，我們屬於偏鄉小校的圖書館 
學校櫃子比較深且大小不同； 
學校圖書早年的登錄號有手寫且書背沒貼索書號； 
最近在整理圖書，人手少且非科班經驗，在近三年至五年有機會購買新書時有重新編目貼上索書號在書背。 
 有兩個問題請問： 
１、... 繼續閱讀",2023-08-21T00:00:00.000Z,UU,"('en_US', 'UTF-8')","<div class=""field-item even""><p>UU，您好：</p>

<p>&nbsp;</p>

<p>若貴館近年對於所購買之新書，已重新編目、並在書背貼上含有索書號之書標的話，那麼在書籍排架或上架時，即可依索書號順序上架。</p>

<p>&nbsp;</p>

<p>1.有關繪本排架</p>

<p>&nbsp;</p>

<p>圖書館典藏的兒童繪本之上架陳列方式，有可能每個圖書館稍有不同，然而仍然會給予分類號（無論是粗分或細分）及主題詞，即依據圖書館所採用之分類法（例如：《中文圖書分類法》（2007年版））進行分類、及依據圖書館所採用之主題法（例如：《中文主題詞表》（2005年修訂版））給予主題詞，以方便讀者透過線上目錄進行資料查詢檢索。惟若屬嬰幼兒（0至3歲）及學前兒童（3至6歲）適用之圖書，則標示主題詞時，可改用〈嬰幼兒圖書分齡主題表〉（<a href=""https://isp.ncl.edu.tw/files/file_pool/1/0K337426363325998330/%E5%AC%B0%E5%B9%BC%E5%85%92%E5%9C%96%E6%9B%B8%E5%88%86%E9%BD%A1%E4%B8%BB%E9%A1%8C%E8%A1%A8.pdf"">https://isp.ncl.edu.tw/files/file_pool/1/0K337426363325998330/%E5%AC%B0%E5%B9%BC%E5%85%92%E5%9C%96%E6%9B%B8%E5%88%86%E9%BD%A1%E4%B8%BB%E9%A1%8C%E8%A1%A8.pdf</a>），進行主題詞之標示。</p>

<p>&nbsp;</p>

<p>若是近年出版之圖書，只要出版社有申請CIP，即可在該圖書的版權頁上方看到CIP資料，CIP資料的左下方即有分類號及主題詞可供參考。舊的書籍或早期出版之圖書若無CIP資料，則可上網至「全國圖書書目資訊網」（NBINet）（<a href=""http://nbinet3.ncl.edu.tw/screens/opacmenu_cht.html"">http://nbinet3.ncl.edu.tw/screens/opacmenu_cht.html</a>）查詢，有可能可以查到圖書之分類號。</p>

<p>&nbsp;</p>

<p>國內當然也有一些圖書館對於童書或繪本之排列上架，係依出版社來排列，好處是可將各出版社出版之童書或繪本集中一處，然而當館藏量稍多時，讀者在查找特定出版社或特定主題類別之童書或繪本時，可能就不是那麼方便、或甚至費時。建議若可行的話，儘量以索書號或分類號排架。對於童書及繪本等之分類，圖書館也可以採用粗分方式（即僅給予大類的類號）。</p>

<p>&nbsp;</p>

<p>繪本書籍，如果依書籍大小、有注音、無注音擺放，未來對接手的老師或是小朋友志工可能會有困擾外，乃因需要圖書的讀者，未必知曉所需圖書有無注音或其高廣尺寸，且當讀者需要某一主題或類別或題名的圖書時，有時很難立即找到所需圖書。小學生是國家未來的主人翁，若能提早熟悉圖書館圖書之排架係依索書號排列，便可及早建立其未來青少年及成年後使用圖書館館藏資料之基本概念、以及訓練其找書與取書的方式。</p>

<p>&nbsp;</p>

<p>2.有關套書分類</p>

<p>&nbsp;</p>

<p>套書之分類，有兩種方式，即「套分」與「單分」。</p>

<p>&nbsp;</p>

<p>所謂「套分」，係指整套圖書有明顯的共同題名、無各分冊題名、且有一共同的著者（編者），才會將整套圖書給予一個較大的分類號。適用時機為整套圖書多屬同主題或同類號圖書，或者欲將整套圖書集中放在一起。</p>

<p>&nbsp;</p>

<p>所謂「單分」，係指針對整套圖書中之單本（件）圖書資料之特徵及內容給予個別分類號、作者號、作品號、年代號等，而不去考慮整套圖書在圖書館內之架位上是否要完整呈現。適用時機為整套圖書各部份作品有明確之單冊書名及作者且整套圖書橫跨多個類號時，或者整套書不同時間出版或入館。</p>

<p>&nbsp;</p>

<p>據臺端所提，若套書各冊主題分屬300、400、500類，依照前述「套分」與「單分」處理原則，建議採用「單分」。採用「單分」的結果為，同一套書各冊書籍於排架時，可能分別排列於不同架號或架位上。其他之套書，仍需考量套書實際情形，依照前述「套分」與「單分」適用時機，以決定究應採用「套分」或「單分」處理。</p>

<p>&nbsp;</p>

<p>3.有關架號標示</p>

<p>&nbsp;</p>

<p>架號（或櫃號）的標示，建議以圖書館所採用之分類法（例如：《中文圖書分類法》（2007年版））之10大類標示，即000、100、200、300、400、500、600、700、800、900標示，圖書並依索書號或分類號上架，未來若該大類之書架或櫃位不足時，於其間加入任一書架或書櫃，不需重新編號，仍以大類標示即可，方便架位或櫃位之調整及管理。</p>

<p>&nbsp;</p>

<p>國家圖書館 館藏發展及書目管理組 敬覆</p>
</div>"
dc8da957f4e13dc5645b9cadf3c6a1c0,https://catweb.ncl.edu.tw/QandA/page/31903,"您好，想詢問關於圖書內容為傳記形式的「訪問紀錄」欄位著錄原則。 
1.008/34傳記代碼：傳記內容為該被傳者主述，圖書內容以「我」作為主要紀錄視角時，傳記應屬於a自傳還是b分傳呢？如《袁健生先生訪問紀錄》國圖著錄為a，但《龔家政先生訪問紀錄》著錄為b。 
2.100$... 繼續閱讀",2023-08-08T00:00:00.000Z,Akira,"('en_US', 'UTF-8')","<div class=""field-item even""><p>Akira，您好：</p>

<p>&nbsp;</p>

<p>圖書內容為傳記形式的「訪問紀錄」，若傳記內容為該被傳者主述、並以「我」作為主要紀錄視角時，傳記應屬於自傳，MARC 21編目時，欄位008/34著錄「a」（自傳）、而非著錄「b」（分傳）。有關《龔家政先生訪問紀錄》一書書目於MARC 21欄位008/34原著錄「b」，現已修正為「a」，請參見下圖。</p>

<p>&nbsp;</p>

<p>傳記形式的「訪問紀錄」之被傳者，MARC 21編目時，欄位100分欄$e應著錄「受訪者」或「文字作者」？</p>

<p>&nbsp;</p>

<p>臺端引用〈RDA 附錄I 關係標示: 與資源相關之 Agents 與作品、表現形式、具體呈現、或單件之間的關係〉中「受訪者」（interviewee）係指『個人、家族或團體 (agent) 經由接受訪問所產出的作品，該作品是一個訪談的回應。訪問者通常是記者、調查員或其他資料收集者。』（An agent responsible for creating a work by responding to an interviewer, usually a reporter, pollster, or some other information gathering agent.），據此認為圖書內容非問答紀錄而是完整敘述時，欄位100分欄$e應著錄「文字作者」或不著錄被傳者、而非「受訪者」。</p>

<p>&nbsp;</p>

<p>關係標示用語「受訪者」雖指明『該作品是一個訪談的回應』，然而並未特別強調是否為問答紀錄形式，且《袁健生先生訪問紀錄》，從書名即可見該書為『訪問紀錄』，並由『張力, 周素鳳訪問 ; 張力, 周素鳳, 曾冠傑紀錄』，故被傳者「袁健生」應可作為「受訪者」，並且另於書目紀錄欄位600建立「袁健生」主題檢索款目。</p>

<p>&nbsp;</p>

<p>而在〈RDA 附錄I 關係標示: 與資源相關之 Agents 與作品、表現形式、具體呈現、或單件之間的關係〉中，對於「文字作者」（author）的定義指『個人、家族或團體 (agent) 負責一作品的創建，不論其媒體類型或體裁如何，該作品內容主要是以文字形式來表現。亦包括以註釋、重寫、改編等方式產生的新作品，若這些改編大大改變了原作的性質和內容，或改變了表達之媒介，則視為是另一新作品的創作者。』</p>

<p>&nbsp;</p>

<p>《袁健生先生訪問紀錄》及《龔家政先生訪問紀錄》皆為「中央研究院近代史研究所口述歷史叢書」，均由被傳者口述、另由他人紀錄為文字，而非由被傳者直接以文字創作，較不建議使用關係標示用語「文字作者」。</p>

<p>&nbsp;</p>

<p>以上說明提供臺端參考。</p>

<p>&nbsp;</p>

<p>國家圖書館 館藏發展及書目管理組 敬覆</p>

<p>&nbsp;</p>

<p><img alt="""" height=""781"" src=""/sites/default/files/img/%E9%BE%94%E5%AE%B6%E6%94%BF%E5%85%88%E7%94%9F%E8%A8%AA%E5%95%8F%E7%B4%80%E9%8C%84.png"" width=""1003""></p>
</div>"
91783d3d09fd4d00cffccb1763300c8c,https://catweb.ncl.edu.tw/QandA/page/31901,老師您好 最近嘗試練習在Marc21中加入URI，我已大致了解可在書目紀錄中的1XX或7XX段分別加入分欄0分欄1和分欄4的相對應URI，但是對於欄位758的意義以及概念不是很理解，不知該如何使用，煩請老師解惑，謝謝您!,2023-07-28T00:00:00.000Z,小小編目館員,"('en_US', 'UTF-8')","<div class=""field-item even""><p>小小編目館員，您好：</p>

<p>&nbsp;</p>

<p>MARC 21書目欄位758為資源識別符（Resource Identifier），著錄時可以是書目紀錄中描述的資源，也可以是與其相關的資源。該欄位內容具備多個控制分欄（分欄$0、$1）及關係標示分欄（分欄$i、$4）。當實體具有一個以上之關係，則可以使用多個關係代碼或URI的著錄，來建立起本筆書目紀錄與其他相關資源之關連。</p>

<p>&nbsp;</p>

<p>茲以以下著錄範例進行說明：</p>

<p>&nbsp;</p>

<p>100 1# $a Beard, Henry.</p>

<p>245 10 $a Bored of the rings : $b a parody of J.R.R. Tolkien's The lord of the rings / $c by Henry N. Beard and Douglas C. Kenney of the Harvard lampoon.</p>

<p>758 ## $4 <a href=""http://rdaregistry.info/Elements/w/P10197"">http://rdaregistry.info/Elements/w/P10197</a> $i Parody of (work): $a Tolkien, J. R. R. (John Ronald Reuel), 1892-1973. Lord of the rings $0 <a href=""http://id.loc.gov/authorities/names/no97079452"">http://id.loc.gov/authorities/names/no97079452</a></p>

<p>758 ## $4 <a href=""http://rdaregistry.info/Elements/m/P30135"">http://rdaregistry.info/Elements/m/P30135</a> $i Has work manifested: $a Bored of the Rings $1 <a href=""http://www.wikidata.org/entity/Q1613936"">http://www.wikidata.org/entity/Q1613936</a></p>

<p>&nbsp;</p>

<p>著者Henry Beard所著之《Bored of the rings : a parody of J.R.R. Tolkien's The lord of the rings》，為仿自J.R.R. Tolkien的作品《The lord of the rings》（國內譯為《魔戒》），因此《Bored of the rings : a parody of J.R.R. Tolkien's The lord of the rings》與《The lord of the rings》間存在著「Parody of (work)」的關係，編目時透過MARC 21欄位758建立二者間的關係。</p>

<p>&nbsp;</p>

<p>第1個欄位758將關係標示詞「Parody of (work)」著錄於分欄$i，而分欄$4所著錄的內容為「Parody of (work)」此一關係標示詞在「RDA Registry」網站上註冊該詞的URI；分欄$a著錄J.R.R. Tolkien（全名為John Ronald Reuel Tolkien，生卒年為1892-1973）的作品《The lord of the rings》，並且以分欄$0之URI指向LC有關J.R.R. Tolkien之作品《The lord of the rings》的「名稱—題名」權威紀錄。也就是說透過欄位758的著錄，建立欄位245所載題名《Bored of the rings : a parody of J.R.R. Tolkien's The lord of the rings》與J.R.R. Tolkien之作品《The lord of the rings》之關連，方便未來透過URI的辨識，可以彼此鏈結。</p>

<p>&nbsp;</p>

<p>《Bored of the rings : a parody of J.R.R. Tolkien's The lord of the rings》另與Wikidata上有關《The lord of the rings》的介紹有關，二者間存在著「Has work manifested」的關係。</p>

<p>&nbsp;</p>

<p>編目時利用第2個欄位758將關係標示詞「Has work manifested」著錄於分欄$i，而分欄$4所著錄的內容為「Has work manifested」此一關係標示詞在「RDA Registry」網站上註冊該詞的URI；分欄$a著錄Wikidata上有關《The lord of the rings》，並且以分欄$0之URI指向Wikidata有關《The lord of the rings》在網路上的位置。也就是說透過欄位758的著錄，建立欄位245所載題名《Bored of the rings : a parody of J.R.R. Tolkien's The lord of the rings》與Wikidata上有關《The lord of the rings》之關連，方便未來透過URI的辨識，可以彼此鏈結。</p>

<p>&nbsp;</p>

<p>國家圖書館 館藏發展及書目管理組 敬覆</p>
</div>"
961c5f61052471f045fb7b38e188d903,https://catweb.ncl.edu.tw/QandA/page/31899,"老師您好: 
在MARC21中，已知欄位020的分欄$z是取消的或無效的ISBN，而電子書編目時會將實體版本的ISBN（如，紙本圖書的ISBN），另以欄位020著錄，並著錄於分欄$z中。 
想請問如果在編目紙本書時，想將該書所有電子版本的ISBN另著錄在欄位020，... 繼續閱讀",2023-07-20T00:00:00.000Z,嗨魚,"('en_US', 'UTF-8')","<div class=""field-item even""><p>嗨魚，您好：</p>

<p>&nbsp;</p>

<p>國際標準書號（International Standard Book Number, ISBN）係由各國指定機構為圖書出版品指定的國際識別碼，該識別碼可以是10位數字或13位數字。</p>

<p>&nbsp;</p>

<p>採用MARC 21編目時，除了將有效的ISBN著錄於欄位020分欄$a外，分欄$c尚包括出版品價格及其取得方式。編目時，可用欄位020著錄一出版品之多個ISBN（例如：同一書不同裝訂之ISBN、或多冊圖書各冊的ISBN）。著錄範例如下：</p>

<p>&nbsp;</p>

<p>020 ## $a 9578283121 $q (精裝) : $c NT$700</p>

<p>020 ## $a 957828313X $q (平裝) : $c NT$600</p>

<p>&nbsp;</p>

<p>020 ## $a 9867950631 $q (第3冊 ; $q平裝)</p>

<p>020 ## $a 9867950550 $q (第4冊 ; $q平裝)</p>

<p>&nbsp;</p>

<p>020 ## $a 0456789012 $q (reel 1)</p>

<p>020 ## $z 0567890123 $q (reel 2)</p>

<p>（說明：書目紀錄包括兩個微卷，第二卷之ISBN為無效號碼）</p>

<p>&nbsp;</p>

<p>MARC 21欄位020分欄$z供著錄取消或無效的ISBN（Canceled/invalid ISBN），錯誤的ISBN亦著錄於分欄$z。亦即編目時，於資源上出現錯誤的ISBN，仍需將該ISBN照錄於欄位020分欄$z，並將正確或有效的ISBN著錄於分欄$a。著錄範例如下：</p>

<p>&nbsp;</p>

<p>020 ## $a 0877790019 $z 0877780116</p>

<p>&nbsp;</p>

<p>有關電子書的產製分為兩種型態，一為由紙本書轉製為電子書，另一則為原生電子書（即該出版品最初產生時即為電子型式，而非由紙本型式轉製為電子型式）。</p>

<p>&nbsp;</p>

<p>由紙本書轉製為電子書時，通常留有紙本書之ISBN，然而該ISBN並不是電子書的ISBN，編目著錄時，會將這類ISBN著錄於同一欄位020分欄$z。著錄範例如下：</p>

<p>&nbsp;</p>

<p>020 ## $a 9781409442073 $z 9781409442066</p>

<p>&nbsp;</p>

<p>臺端提及若於紙本書編目時，想將該紙本書所有電子版本的ISBN另著錄在欄位020，建議使用分欄$z或是仍使用分欄$a？</p>

<p>&nbsp;</p>

<p>若是這些電子版本的ISBN是有效（沒有錯誤）的話，建議使用分欄$a。著錄範例如下：</p>

<p>&nbsp;</p>

<p>020 ## $a 9781409442066 $q (hardback)</p>

<p>020 ## $a 9781409442073 $q (ebook)</p>

<p>&nbsp;</p>

<p>若是這些電子版本的ISBN是無效（或有錯誤）的話，建議使用分欄$z。著錄範例如下：</p>

<p>&nbsp;</p>

<p>020 ## $a 9781409442066 $q (hardback)</p>

<p>020 ## $z 9781409442073 $q (ebook)</p>

<p>&nbsp;</p>

<p>國家圖書館 館藏發展及書目管理組 敬覆</p>
</div>"
8201520ce222eee73f089856aa591b4d,https://catweb.ncl.edu.tw/QandA/page/31898,"您好， 
 想請教館藏中有部分套書是盒裝的薄本圖書， 
因書本厚度太薄書名不明顯，書標裝盒後也都被遮擋了，讀者常常找不到 
如果是單獨一本薄本圖書陳列時可稍微突出架位露出索書號 
但遇到一整套盒裝的要如何陳列或標示會更清楚呢？ ... 繼續閱讀",2023-07-19T00:00:00.000Z,K小姐,"('en_US', 'UTF-8')","<div class=""field-item even""><p>K小姐，您好：</p>

<p>&nbsp;</p>

<p>圖書館圖書資料之書標黏貼位置，係指將索書號列印或書寫於自黏性標籤，並黏貼於圖書資料書背距下緣2或2.5公分處（依各圖書館之書標黏貼政策而稍有不同），以作為圖書資料上架之依據。</p>

<p>&nbsp;</p>

<p>然而有些圖書資料並不適合將書標直接黏貼於書背上，例如薄本、古籍、非書資料等。薄本圖書，書背厚度不足；古籍則因自黏性書標之黏著劑可能破壞紙質；非書資料則因無書背而需另貼他處。</p>

<p>&nbsp;</p>

<p>薄本圖書，由於其書背厚度不足，書標黏貼於書背上，並不利於圖書上架或取書。通常圖書館的做法係將書標以相同高度改貼至封面接近書背處（如下圖），但是需避免遮住封面上重要資訊（例如書名或著者）。</p>

<p>&nbsp;</p>

<p><img alt="""" height=""278"" src=""/sites/default/files/img/%E8%96%84%E6%9C%AC%E5%9C%96%E6%9B%B8%E6%9B%B8%E6%A8%99%E4%BD%8D%E7%BD%AE.png"" width=""293""></p>

<p>&nbsp;</p>

<p>由於圖書館圖書資料上架係以書背向外，薄本書標以相同高度改貼至封面接近書背處，圖書館工作人員面對書架上整排圖書時，僅需將該薄本圖書稍微抽出一點點，即可看到該書之索書號，較不影響圖書上架及取書作業。</p>

<p>&nbsp;</p>

<p>若薄本圖書裝有書盒，上架前會先移除書盒，僅圖書逕行上架。</p>

<p>&nbsp;</p>

<p>以上為本館對於薄本圖書之書標黏貼位置及資料上架說明。臺端亦可參考國內其他圖書館的處理方式，再行決定何種方式對於貴館而言最為恰當。</p>

<p>&nbsp;</p>

<p>國家圖書館 館藏發展及書目管理組 敬覆</p>
</div>"
dacd0a21647df5bac1c7727d66ef378a,https://catweb.ncl.edu.tw/QandA/page/31897,"老師您好。我們館採用美國國會圖書館分類法，需對沒有被收編著錄在LC裡的樂譜進行050欄位（$$a為分類號，$$b為著者號）及索書號的著錄。對於樂譜的050欄位及索書號著錄有如下兩個疑問： 
一、現，作曲家Richard Strauss分別作高、中、低三個聲部的樂譜，... 繼續閱讀",2023-07-18T00:00:00.000Z,yuki,"('en_US', 'UTF-8')","<div class=""field-item even""><p>yuki您好，</p>

<p>&nbsp;</p>

<p>有關您的問題簡要回復如下：</p>

<p>&nbsp;</p>

<p>一、有關作曲家Richard Strauss高、中、低三個聲部樂譜索書號的取號，由於不清楚您是要將三個聲部的樂譜分別建立書目紀錄，還是全都整合著錄為一筆書目紀錄，因此只能從您的問題陳述推測，您可能是規劃將三個聲部的樂譜分立書目紀錄，才會考量到分類號和著者號都相同的狀況下，050字段和索書號的著錄問題。問題的核心應是在於，同一個作曲家、同一音樂形式的不同圖書資料，該如何在索書號上達到區別與排列的功能。有關音樂資料如何以國會圖書館分類法 (LCC) 取分類號及索書號，建議您可參考""Library of Congress Classification and Shelflisting Manual"" G800 （<a href=""https://www.loc.gov/aba/publications/FreeCSM/G800.pdf"">https://www.loc.gov/aba/publications/FreeCSM/G800.pdf</a>），以及美國耶魯大學的""Music Cataloging at Yale -- Call numbers for scores""（<a href=""https://web.library.yale.edu/cataloging/music/call-numbers-for-scores"">https://web.library.yale.edu/cataloging/music/call-numbers-for-scores</a>）。音樂資料的分類所考量情況較多，上述兩個參考工具可以提供非常完整的資訊。經上網查詢相關資訊，您所提Richard Strauss的樂譜題名應為""Lieder-Album""，其內容都收錄了多個樂曲作品，屬於「樂曲選集」，依據LC CSM G800的相關說明，音樂選集樂譜的索書號結構，需包含雙克特號，其取號方式摘要如下：</p>

<p>&nbsp;</p>

<table border=""1"" cellpadding=""1"" cellspacing=""0"" style=""width:800px""><tbody><tr><td class=""rtecenter"" style=""width:219px"">樂譜書目資訊</td>
			<td class=""rtecenter"" style=""width:86px"">LCC取號</td>
			<td style=""width:481px"">
			<p class=""rtecenter"">取號說明</p>
			</td>
		</tr><tr><td style=""width:219px"">音樂形式: One solo voice, with accompaniment of keyboard instrument</td>
			<td style=""width:86px"">M1621</td>
			<td style=""width:481px"">
			<p>也有的圖書館會使用M1620，來分類所有合集、選集的樂譜資料。</p>
			</td>
		</tr><tr><td style=""width:219px"">作曲家 (main entry): Strauss, Richard, 1864-1949</td>
			<td style=""width:86px"">.S912</td>
			<td style=""width:481px"">
			<p>1、如在編的樂譜資料，收錄內容為單一作曲家的音樂作品，則第1克特號依作曲家取號，以便聚集同一作曲家的相關樂譜資料。</p>

			<p>2、在取作曲家克特號時，可參考查閱耶魯大學已建立的「Cutter numbers for composers」 (<a href=""https://web.library.yale.edu/cataloging/music/cutters"">https://web.library.yale.edu/cataloging/music/cutters</a>)，或是自行採用LC Basic Cutter Table取號。建議您可衡量貴館作業上的需求選擇使用。</p>
			</td>
		</tr><tr><td style=""width:219px"">樂譜題名 (245字段): Lieder-Album .....</td>
			<td style=""width:86px"">L54</td>
			<td style=""width:481px"">
			<p>第2克特號的作用在於區別並排序同一作曲家的不同樂譜資料。當在編的樂譜資料內容，為一個作曲家的音樂作品選集時 (Selections)，其第2克特號的依下列優先順序取號：</p>

			<p><br>
			1、當書目中有劃一題名 (uniform title，240字段) 時，依劃一題名取號，並加一個擴充數字代表樂譜的編輯者 (editor)、編曲者 (arranger)、出版者 (publisher) 或題名 (title)。</p>

			<p><br>
			【範例】<br>
			050 &nbsp;\4 &nbsp;$a M317.L19 $b P57<br>
			100 &nbsp;1\ &nbsp;$a Lambert, Michel, 1610-1696, &nbsp;$e composer.<br>
			240 &nbsp;10 &nbsp;$a Pièces en trio. &nbsp;$k Selections<br>
			245 &nbsp;10 &nbsp;$a Pièces en trio : 24 Stücke ... / &nbsp;$c Michel Lambert ; [herausgegeben von] Siegbert Rampe ...<br>
			＊依240字段劃一題名取第2克特號P5，並為樂譜編輯者「Rampe, Siegbert」加上擴充號7，最終第2克特號為P57。</p>

			<p>&nbsp;</p>

			<p>2、當書目中的劃一題名，單只有「Selections」這種通泛的慣例用語時，則直接依編輯者（editor）、編曲者（arranger）、出版者（publisher）或題名（title）取第2克特號號。</p>

			<p>&nbsp;</p>

			<p>＊三套樂譜""Lieder-Album""的書目，如果沒有特別著錄240字段，建議可採用第2項作法，依245字段的題名取第2克特號。</p>
			</td>
		</tr></tbody></table><p>&nbsp;</p>

<p>完成上述索書號基本結構後，接著就是要做Shelflisting (索書號的順號排序) 的工作。如果依照上述方式取號，則三套""Lieder-Album""樂譜的索書號都會相同，由於我們手邊沒有實際的資料可檢視，因此只能以可能的狀況提供您建議。當三套書的基本索書號相同，又需要有所區分時，可依下列方式進行索書號的區分與排序：</p>

<table border=""1"" cellpadding=""1"" cellspacing=""0"" style=""width:800px""><tbody><tr><td class=""rtecenter"">取號說明</td>
			<td class=""rtecenter"">範例</td>
		</tr><tr><td>可依題名字母排序，於第2克特號加擴充數字號，以達成不同樂譜之間的排序與區別</td>
			<td>
			<p>M1621.S912 / L54<br>
			Lieder-Album : für hohe Stimme mit Klavierbegleitung</p>

			<p>M1621.S912 / L544<br>
			Lieder-Album : für mittlere Stimme mit Klavierbegleitung</p>

			<p>&nbsp;</p>

			<p>＊雖然正題名都相同，但冒號後的副題名不同，因此可依副題名字母順序排序，在第2克特號之後加上擴充數字，以達到區別與排序的作用</p>

			<p>＊克特號的數字取號，是一種相對性的排序功能，因此擴充數字的給號，沒有硬性的規定哪些字母必須用哪個數字，可由各編目單位依實際館藏排序狀況彈性給號，只要能達到貴館所需要的排序與區別功能即可。</p>

			<p>&nbsp;</p>
			</td>
		</tr><tr><td>如果不同聲部的書有特別的編次，如高聲部是編次1，中聲部是編次2，低聲部是編次3，則也可將編次號碼應用於索書號中，做為區別與排序之用。</td>
			<td>
			<p>M1621.S912 / L54 / v.1<br>
			Lieder-Album. 1, für hohe Stimme mit Klavierbegleitung</p>

			<p>M1621.S912 / L54&nbsp;/ v.2<br>
			Lieder-Album. 2, für mittlere Stimme mit Klavierbegleitung</p>
			</td>
		</tr></tbody></table><p>&nbsp;</p>

<p>二、OCLC WorldCat資料庫中，部分圖書館將""Des Knaben Wunderhorn""樂譜2冊著錄為同一書目，並給予的050分欄$a為「M1613.M34」，如同第一項說明所述，在為樂譜資料取索書號時，如該樂譜所收錄的內容，是單一作曲家的音樂作品，則第1克特號會依作曲家取號，以便將該作曲家同一形式的音樂資料聚集在一起，因此，您在OCLC上所看到的索書號結構，就可分析為：</p>

<table border=""1"" cellpadding=""1"" cellspacing=""0"" style=""width:800px""><tbody><tr><td class=""rtecenter"" style=""width:438px"">樂譜書目資訊</td>
			<td class=""rtecenter"" style=""width:343px"">LCC取號</td>
		</tr><tr><td style=""width:438px"">音樂形式: One solo voice, with orchestral accompaniment</td>
			<td style=""width:343px"">M1621</td>
		</tr><tr><td style=""width:438px"">
			<p>作曲家 (main entry，100字段): Mahler, Gustav, 1860-1911</p>
			</td>
			<td style=""width:343px"">M34</td>
		</tr><tr><td style=""width:438px"">樂譜題名 (245字段): Des Knaben Wunderhorn .....</td>
			<td style=""width:343px"">K3</td>
		</tr></tbody></table><p>&nbsp;</p>

<p>而當一套書被編為一筆書目時，通常在自動化系統中，應有分別為每冊圖書建立單冊紀錄的欄位或功能，可以分別為同一套書之下的不同分冊，著錄各自的條碼號、索書號、冊次號、複本號等資訊，以利於圖書單冊管理及借閱。由於各系統可能會有不同的機制或欄位來達到單冊管理功能，建議您詢問貴館的自動化系統維護人員或廠商，是否有可以讓您建立單冊紀錄的相關欄位或功能。</p>

<p>&nbsp;</p>

<p>以上簡要回復提供參考，建議您依實際書況以及貴館的書目管理需求，決定合適的方法。</p>

<p>&nbsp;</p>

<p>國家圖書館館藏發展及書目管理組敬復</p>

<p>&nbsp;</p>

<p>&nbsp;</p>

<p>&nbsp;</p>

<p>&nbsp;</p>

<p>&nbsp;</p>

<p>&nbsp;</p>
</div>"
f2f3e7b4caad630f118d399eccbb972b,https://catweb.ncl.edu.tw/QandA/page/31891,"您好，因我們在規劃系統設計，需清整盤點書籍資料。因不確定圖書分類法的編目規則邏輯是怎麼去對照的 
 舉例說明 
社區營造;屏東縣林邊鄉545.09232 
545(社區；環境).092(中國) 
→有以下附表包含32之複分號碼 
附表一(總論... 繼續閱讀",2023-07-05T00:00:00.000Z,徐小姐,"('en_US', 'UTF-8')","<div class=""field-item even""><p>徐小姐，您好：</p>

<p>&nbsp;</p>

<p>以《中文圖書分類法》類表結構而言，類號「545.09232」可拆解如下：</p>

<p>&nbsp;</p>

<p>「500 社會科學」（屬十位類、基本大綱，指十個大類）；</p>

<p>「540 社會學」（屬百位類、簡表，指一百個次類）；</p>

<p>「545 社區；環境」（屬千位類、綱目表，指一千個小類）；</p>

<p>「545.09 各國之社區發展」，該類號下之注釋文字為『依世界區域及分國表複分』；</p>

<p>「545.092 中國」，該類號下之注釋文字為『依中國省區表、中國縣市表複分』［以上為類表主表中可查得之類號］；</p>

<p>「545.09232」的「32」係來自《中文圖書分類法》較早版本之複分表〈附表六中國省區表〉［為類表主表中無法查得之類號，係出自附表六］。</p>

<p>&nbsp;</p>

<p>以題名《社區營造 : 屏東縣林邊鄉》為例，現行《中文圖書分類法》（2007年版）改用類號「545.0933 臺灣」［此類號為類表主表中可查得之類號］，其下再『依臺灣縣市表複分』（即〈附表八 臺灣縣市表〉之「135 屏東縣」［為類表主表中無法查得之類號，係出自附表八］），而得類號「545.0933/135」。</p>

<p>&nbsp;</p>

<p>以《中文圖書分類法》類表結構而言，類號「546.192」可拆解如下：</p>

<p>&nbsp;</p>

<p>「500 社會科學」（屬十位類、基本大綱，指十個大類）；</p>

<p>「540 社會學」（屬百位類、簡表，指一百個次類）；</p>

<p>「546 社會階層及組織」（屬千位類、綱目表，指一千個小類）；</p>

<p>「546.1 階級」；</p>

<p>「546.19 各國階級制」，該類號下之注釋文字為『依世界區域及分國表複分』［以上為類表主表中可查得之類號］；</p>

<p>故「546.192」的「2」係來自《中文圖書分類法》（2007年版）複分表〈附表十 世界區域及分國表〉之「2 中國」［為類表主表中無法查得之類號，係出自附表十］。</p>

<p>&nbsp;</p>

<p>圖書分類時，就所得類號，欲知非得自類表主表之複分號碼究屬哪一複分表？通常係根據類表主表中某個類號之下的注釋說明來告知類表使用者應依哪個複分表做進一步細分。因複分表之號碼無法單獨使用，必須加在某一類號之後，且因類表主表之類號有長有短，有些類號在類表中已指示使用一種複分表、有些則指示可以使用兩種複分表（譬如先將第一個複分表之號碼加在主類號後，再加上第二個複分表之號碼），故基本上分類號並無號碼長度的限制，且無法一律將某個小數點後的第幾位號碼視為複分號。</p>

<p>&nbsp;</p>

<p>《中文圖書分類法》（2007年版）共有12種附表（附於類表末，為通用各類的複分表）及45種專類複分表（附於類表主表內，為特定類號使用的複分表），這些複表中，僅〈附表一 總論複分表〉有要求於該表所得之複分號，在加至主表所得之類號前，必須先加上一個『0』或兩個『0』，因此類表使用者可以很容易自圖書資料之分類號（例如：435.03、435.064）上辨識出有『0』或『00』以後的號碼係來自附表一。</p>

<p>&nbsp;</p>

<p>然而，其他複分表則未要求其複分號加至主表所得之類號前必須先加上一個『0』或兩個『0』，因此即使是類表經常使用者，也不易自圖書資料之分類號上辨識出可能來自附表之複分號（例如：851.486，一看此類號時，通常無法立即知道哪個號碼來自於分類法的附表，然經查類表主表之類號「851.4 詩別集」，其下有注釋『得按作者時代詳分』，因而得知類號「851.486」之「86」係來自〈附表二 中國時代表〉之「86 民國三十八年以後（1949- ）」）。加以有些圖書資料之分類號，可能不僅使用一個複分表，在無『0』或『00』的區隔下，著實不易分辨出類號的哪些部分可能是來自附表或專類複分表之複分號。</p>

<p>&nbsp;</p>

<p>欲知館藏圖書資料之每個分類號中，哪些部分的號碼屬於複分號（來自附表或專類複分表），最直接的方式當然就是將類表主表中已有的所有類號與貴館館藏圖書資料之每個分類號進行比對，比對結果多餘的部分，應是來自附表或專類複分表之複分號。然而在盤點圖書資料的實務上，一般圖書館不會採用此種方式，而是以條碼號（或登錄號）進行盤點，肯定效率會來得更高。除非貴館為了分類統計、或找出錯誤分類號以便進行修改、或者其他目的與用途，否則不太建議採用此方式進行資料盤點。</p>

<p>&nbsp;</p>

<p>若仍有分類法相關問題，請洽詢聯絡電話(02)23619132分機140牛惠曼編輯。</p>

<p>&nbsp;</p>

<p>國家圖書館 館藏發展及書目管理組 敬覆</p>
</div>"
a1b2d27d4f5797fbbf102bf734248ce8,https://catweb.ncl.edu.tw/QandA/page/31890,您好，我想請問什麼情況下圖書類號會有兩個，這樣要如何判斷以哪一個為主呢?，例如ISBN:9789863598411這本書國圖新書網紀錄的圖書類號怎麼有兩個?,2023-07-04T00:00:00.000Z,徐小姐,"('en_US', 'UTF-8')","<div class=""field-item even""><p>徐小姐，您好：</p>

<p>&nbsp;</p>

<p>ISBN 9789863598411一書題名為《慢行高雄》，於「全國新書資訊網」該書之類號為「733.9/131.6&nbsp;」。或許由於類號中的「/」，讓臺端誤以為該書有兩個類號，然而實非指該書有兩個分類號「733.9」及「131.6&nbsp;」，而是「733.9/131.6&nbsp;」即為一個類號、類號中含有「/」，「/」係用以區隔其後之複分號為來自國家以下各地區層級之複分號。</p>

<p>&nbsp;</p>

<p>《中文圖書分類法》（2007年版）類號「733.9 臺灣分區志」之注釋說明『依臺灣分區表或臺灣縣市表、臺灣鄉鎮表複分，必要時依臺灣各區複分表複分』。若採用臺灣分區表進行複分，則不再使用臺灣縣市表、臺灣鄉鎮表；若採用臺灣縣市表進行複分（必要時可再加上臺灣鄉鎮表的複分號），則不再使用臺灣分區表；臺灣分區表或臺灣縣市表，僅能二法擇一採用。二法擇一採用後，尚可依圖書內容實際情況，考量是否進一步使用臺灣各區複分表。</p>

<p>&nbsp;</p>

<p>本書題名為《慢行高雄》，重點在『高雄』、而非各鄉鎮。類號中的「131」取自〈附表八 臺灣鄉鎮表〉之「131 高雄市」、且不再使用〈附表九 臺灣鄉鎮表〉。類號中的「.6」則來自〈臺灣各區複分表〉之「6 名勝；古蹟」。</p>

<p>&nbsp;</p>

<p>綜合以上說明，《慢行高雄》一書之類號為「733.9/131.6&nbsp;」。</p>

<p>&nbsp;</p>

<p>國家圖書館 館藏發展及書目管理組 敬覆</p>
</div>"
a01d0aa8d76d8042d57d11fb47c52928,https://catweb.ncl.edu.tw/QandA/page/31889,"老師您好，以下問題想請教： 
1. 翻譯作品的原作者除了會著錄在欄位100之外，原名也會同時著錄在欄位700，請問若要放原作者的URL，是放在欄位100的$0或$1，還是要放在欄位700的$0或$1？抑或100與700兩個都要放？ 
2. 當集叢名同時有中文與英文並列時，... 繼續閱讀",2023-06-29T00:00:00.000Z,館員,"('en_US', 'UTF-8')","<div class=""field-item even""><p>館員，您好：</p>

<p>&nbsp;</p>

<p>1.有關翻譯作品原作者URL之著錄</p>

<p>&nbsp;</p>

<p>MARC 21欄位100、600、700、800之分欄$0指權威紀錄控制號或標準號碼（Authority record control number or standard number&nbsp;(R)），用以著錄識別一個實體（entity）之名稱標目（name）或標籤（label）之URI，著錄來源通常取自與該檢索款目（欄位100、600、700、800）相同之其他權威資料庫的權威紀錄（例如：LC Authorities、LDT＠L等）。</p>

<p>&nbsp;</p>

<p>欄位100、600、700、800之分欄$1指真實世界物件之URI（Real World Object URI&nbsp;(R)），係著錄識別實體本身（指一個事件、真實世界物件，無論是實際或概念）之URI，即透過URI來指向該實體，著錄來源通常取自實體識別管理相關資料庫（例如：ISNI、ORCID、VIAF、Wikidata等）。</p>

<p>&nbsp;</p>

<p>基於上述，權威紀錄控制號或標準號碼著錄於分欄$0，而真實世界物件之URI則著錄於分欄$1。著錄範例如下：</p>

<p>&nbsp;</p>

<p>100 1# $a 林語堂 $c (文學), $e 文字作者 $0 <a href=""https://ld.ncl.edu.tw/authority/106216"">https://ld.ncl.edu.tw/authority/106216</a></p>

<p>100 1# $a Obama, Michelle, $d 1964- $e author. $0 <a href=""http://id.loc.gov/authorities/names/n2008054754"">http://id.loc.gov/authorities/names/n2008054754</a> $1 <a href=""http://viaf.org/viaf/81404344"">http://viaf.org/viaf/81404344</a></p>

<p>&nbsp;</p>

<p>翻譯作品的創作者，若為西洋作者，除了會將其中譯姓氏著錄在欄位100之外，原文原名也會同時著錄在欄位700，並依URI所代表之名稱，將之著錄於相應語文名稱之欄位。例如：</p>

<p>&nbsp;</p>

<p>1001# $a 歐巴馬 $c (Obama, Michelle), $d1964- $e文字作者</p>

<p>700 1# $a Obama, Michelle, $d 1964- $e author. $0 <a href=""http://id.loc.gov/authorities/names/n2008054754"">http://id.loc.gov/authorities/names/n2008054754</a> $1 <a href=""http://viaf.org/viaf/81404344"">http://viaf.org/viaf/81404344</a></p>

<p>&nbsp;</p>

<p>上例之「<a href=""http://id.loc.gov/authorities/names/n2008054754"">http://id.loc.gov/authorities/names/n2008054754</a>」及「<a href=""http://viaf.org/viaf/81404344"">http://viaf.org/viaf/81404344</a>」所代表的名稱為「Obama, Michelle, 1964-」，故著錄在標目為「Obama, Michelle, 1964-」的欄位700後，而非著錄於標目為「歐巴馬 $c (Obama, Michelle), $d1964-」的欄位100後。</p>

<p>&nbsp;</p>

<p>2. 有關集叢名中英並列之著錄</p>

<p>&nbsp;</p>

<p>作品內容為中文或主要為中文時，且同時有中文與英文並列之集叢名時，應將英文並列集叢名著錄於中文集叢名之後，其間以一等號及等號前後各空一格的方式著錄之。例如：</p>

<p>&nbsp;</p>

<p>490 1# $a視光叢書 = Optometry series</p>

<p>830 #0 $a 視光叢書</p>

<p>830 #0 $a Optometry series</p>

<p>&nbsp;</p>

<p>作品內容為西文或主要為西文時，且同時有西文與中文並列之集叢名時，應將中文並列集叢名著錄於英文集叢名之後，其間以一等號及等號前後各空一格的方式著錄之。例如：</p>

<p>&nbsp;</p>

<p>490 1# $a Optometry series = 視光叢書</p>

<p>830 #0 $a Optometry series</p>

<p>830 #0 $a 視光叢書</p>

<p>&nbsp;</p>

<p>國家圖書館 館藏發展及書目管理組 敬覆</p>
</div>"
d980347e01b30bb5834807c3ff9c3d31,https://catweb.ncl.edu.tw/QandA/page/31888,"您好從你們網站下載了中文圖書分類法 2007年版 類表編PDF檔，先前詢問了無法取得EXCEL檔。 
但我發現這個PDF檔並無詳盡的CIP， 
例如ISBN 9789868830172這本書的CIP是394.911022。但分類表的內容都是只有到小數點後四碼，... 繼續閱讀",2023-06-29T00:00:00.000Z,徐小姐,"('en_US', 'UTF-8')","<div class=""field-item even""><p>徐小姐，您好：</p>

<p>&nbsp;</p>

<p>ISBN 9789868830172一書之題名為《大腦,你在忙什麼?》，該書內容係以101個問答的方式，讓讀者了解人類大腦的構造與功能。</p>

<p>&nbsp;</p>

<p>若採用《中文圖書分類法》（2007年版）為此書進行分類，正確之類號應為「394.9111022」。該類號為《中文圖書分類法》（2007年版）類表主表之類號「394.9111 大腦」、加上〈附表一 總論複分表〉之複分號「022問題集」，進而形成類號「394.9111022」，因此臺端在《中文圖書分類法》（2007年版）主表中，無法直接找到類號「394.9111022」。</p>

<p>&nbsp;</p>

<p>圖書館所採用之圖書分類法（例如：《中文圖書分類法》、《杜威十進分類法》或《美國國會圖書館分類法》），其分類表的內容皆包括主表及附表（即複分表），複分表的目的在將各類共有的情況特別析出，以節省類表之篇幅，圖書資料分類時，需視實際內容來決定除了主表的類號外，是否要再加上複分表的號碼，以便建構出為最適合該圖書資料之分類號。</p>

<p>&nbsp;</p>

<p>《中文圖書分類法》之PDF檔僅為分類法之內容，並不包括CIP資料。CIP資料為國內出版中文圖書之出版品預行編目資料，係圖書正式出版前，由出版社提供書名頁、版權頁、目次、序（或部分內容），向本館國際標準書號中心申請之預行編目資料，CIP內也提供了該出版品的分類號。</p>

<p>&nbsp;</p>

<p>CIP內之分類號，如同圖書館中為每一出版品所給予的類號，該類號是由分類法主表中的號碼、或主表加複分表的號碼而形成的分類號。國內外任何一套分類法，只要有複分表，皆無提供最終分類號的對照表，若能提供的話，那麼也就失去分類法所附複分表之所以存在的意義——節省類表篇幅。</p>

<p>&nbsp;</p>

<p>ISBN 9789868830172一書之CIP內所提供之類號誤植為「394.911022」，現已修正類號為「394.9111022」。</p>

<p>&nbsp;</p>

<p>國家圖書館 館藏發展及書目管理組 敬覆</p>

<p>&nbsp;</p>

<p><img alt="""" height=""688"" src=""/sites/default/files/img/ISBN%209789868830172.png"" width=""721""></p>
</div>"
06e19f442aea6500c97ea2d708dd7ee7,https://catweb.ncl.edu.tw/QandA/page/31887,"您好: 
我工作的地方是採用「中文圖書分類法」來給訂索書號，著者號採用「四角號碼著者號取碼規則」， 
有查到 
單名著者	姓氏部分：依前2個字母取2碼。名字部分：依前2個字母取2碼。 
 那想請問，單個作者是 Lee Sang Kyo ,作者號該如何編... 繼續閱讀",2023-06-28T00:00:00.000Z,張小姐,"('en_US', 'UTF-8')","<div class=""field-item even""><p>張小姐，您好：</p>

<p>&nbsp;</p>

<p>會以英文取四角號碼的情形，多為圖書資料之著者姓名為英文且無中譯姓氏，取號時依〈四角號碼著者號取碼規則〉（<a href=""https://catweb.ncl.edu.tw/class2007/b13_app01.pdf"">https://catweb.ncl.edu.tw/class2007/b13_app01.pdf</a>）之「5.羅馬字母號碼」的規定，並參考「6.西洋個人著者」及「7.西洋團體著者」的規定進行取號。</p>

<p>&nbsp;</p>

<p>即『取碼時西洋著者或機關團體勿需譯成中文，逕依西文原名取碼即可。個人著者取足4碼，雙名著者姓氏部分依前兩個字母查表取2碼，名字部分依雙名之各自前1個字母取1碼，例如Henry, O. B.的著者號碼為“0401”；單名著者姓氏及名字兩部分，均依前兩個字母查表各取2碼，例如Monroe, Paul的著者號碼為“8010”』，且『西洋機關團體著者取碼，可仿上述西洋個人著者。凡4字以上之機關團體名稱，以前4個字之首字母查表取碼；凡3個字以內之機關團體名稱，則準用雙名及單名著者取碼法有關之規定』。</p>

<p>&nbsp;</p>

<p>依據以上原則，著者「Lee Sang Kyo」之四角號碼的著者號取號結果為“7492”。</p>

<p>&nbsp;</p>

<p>然而有些圖書館對於在編圖書資料著者姓名為英文且無中譯姓氏者，會改以著者敘述中第一個有中文姓名者（例如：譯者）或正題名取著者號，端視圖書館有關著者號取碼之政策或規定。</p>

<p>&nbsp;</p>

<p>如果以著者英文名稱（無論是個人姓名或團體名稱）利用前述『羅馬字母號碼表』取碼，是否更易於管控同一著者不同作品之著者號的一致？原則上是這樣沒錯，但是由於在編圖書資料為中譯出版品，視為中文圖書納入中文編目，部分圖書館之著者號取碼政策仍然傾向採行與其他中文圖書一樣，以中文名稱（例如：著者英文姓名之中譯姓氏、其他著者之中文姓名、或中文之正題名）來取著者號碼，而不是以英文名稱取著者號。</p>

<p>&nbsp;</p>

<p>以上資訊提供臺端參考。</p>

<p>&nbsp;</p>

<p>國家圖書館 館藏發展及書目管理組 敬覆</p>
</div>"